title,author,date
传统十论,秦晖,2017年11月18日
告别百年激进：中国的现代化问题,温铁军,2017年11月18日
中苏关系史纲:1917-1991年中苏关系若干问题再探讨(增订版),沈志华,2017年11月18日
相忘于江湖（每一条道路都引领流浪者回家！《最后一个匈奴》作者高建群倾心精选散文集，四十年创作生涯首次完整呈现。深情追忆路遥、张贤亮、陈忠实等老友；诚恳袒露从农家子弟到文学大家的六十年心路历程。“我，绝不允许自己平庸”，写给所有不安于现状、渴望精彩生活的你。）,高建群,2017年11月18日
南十字星共和国：俄国象征派小说选（鲁迅、纳博科夫、叶赛宁、高尔基推崇的作家） (双头鹰经典),费·索洛古勃,2017年11月18日
庞贝三日,阿尔贝托·安杰拉,2017年11月18日
犹太文明 (世界文明大系),潘光,2017年11月18日
欧也妮·葛朗台 (傅雷全集),[法]巴尔扎克,2017年11月18日
中国文化常识（一本了解中国文化的微型百科）,干春松,2017年11月18日
走进大文豪的家（《唐顿庄园》编剧推荐，探访莎士比亚、简奥斯汀、柯南道尔的跨时空古宅）,尼克·钱纳,2017年11月18日
闲暇处才是生活,梁实秋,2017年11月18日
普希金诗集,[俄罗斯]普希金,2017年11月18日
高老头 (傅雷经典译文全集),巴尔扎克,2017年11月18日
堂吉诃德(套装全2册)(全译典藏版) (博集文学典藏系列),塞万提斯,2017年11月18日
世界八大文豪合集（套装八册）,海明威,2017年11月18日
文学大师精品（套装三十册）（鲁迅、闻一多、徐志摩、林徽因、朱自清、萧红、李叔同、郁达夫、庐隐、朱自清、邹韬奋、戴望舒、许地山、郑振铎、穆时英、蒋光慈、柔石、石评梅、梁遇春、覃子豪、刘半农、朱湘、刘大白、殷夫，不可不读的大师经典）,鲁迅,2017年11月18日
巴尔扎克精选译文集16册（傅雷经典译本，包括夏倍上校、奥诺丽纳、禁治产、亚尔培·萨伐龙和、高老头、欧也妮葛朗台、于絮尔弥罗埃、都尔的本堂神甫、比哀兰德、搅水女人、幻灭、贝姨、邦斯舅舅、赛查·皮罗多盛衰记等）,巴尔扎克,2017年11月18日
毛姆读书随笔 (世界名人书话系列),毛姆,2017年11月18日
北海道物语（日本已故情爱大师全球顶级畅销小说，渡边淳一早期作品，不同于《失乐园》的浓重，《北海道物语》透着一股北国的清新。天真纯净的少女，肆意燃烧的爱恋，字字都在诉说着爱情最初的模样。）,渡边淳一,2017年11月18日
阴兽 (午夜文库),江户川乱步,2017年11月18日
爱的流放地 (渡边淳一经典作品集),渡边淳一,2017年11月18日
家，春，秋,巴金,2017年11月18日
诺贝尔文学奖作品典藏书系：鼠疫,A.加缪,2017年11月18日
刀锋（《刀锋》出版首月，就在美国狂销五十万册，两度被改编电影，入围奥斯卡最佳影片等多项提名，并勇夺最佳女配角奖。）,威廉·萨默塞特·毛姆,2017年11月18日
一个人的村庄,刘亮程,2017年11月18日
王朔作品精选（套装共6册，看上去很美 知道分子 致女儿书 我是你爸爸 一半是火焰，一半是海水 动物凶猛）,王朔,2017年11月18日
新经济，新规则：网络经济的十种策略（凯文·凯利系列）,凯文·凯利,2017年11月18日
逃亡：布尔加科夫剧作集 (双头鹰经典),布尔加科夫,2017年10月28日
波拉尼奥作品集：荒野侦探,罗贝托·波拉尼奥,2017年10月28日
非暴力沟通,马歇尔•卢森堡,2017年10月27日
东方快车谋杀案（约翰尼·德普、米歇尔·菲佛、佩内洛普·克鲁兹联袂主演同名电影，阿加莎最负盛名的作品 ！） (午夜文库),阿加莎·克里斯蒂,2017年10月27日
自卑与超越 (西方百年学术经典),〔奥〕阿尔弗雷德·阿德勒,2017年10月27日
我们时代的神经症人格 (西方百年学术经典),（美）卡伦·霍妮,2017年10月27日
弗洛伊德心理学经典著作(套装共5册) (西方百年学术经典),西格蒙德·弗洛伊德,2017年10月27日
面纱 (重现经典),毛姆,2017年10月27日
身份的焦虑 (阿兰·德波顿文集),阿兰·德波顿(Alain de Botton),2017年10月27日
我们内心的冲突 (西方百年学术经典),〔美〕卡伦·霍妮,2017年10月27日
长夜漫漫路迢迢（诺贝尔文学奖得主、4次普利策奖得主尤金·奥尼尔自传性代表作，知名译者乔志高译作。）,尤金·奥尼尔,2017年10月27日
过去的痛：梅·萨藤独居日记,梅·萨藤,2017年10月27日
浮生六记(张佳玮全新精译本)(果麦经典),沈复,2017年10月26日
活着 (余华作品),余华,2017年10月26日
作家榜经典文库：月亮与六便士(荣获2017豆瓣阅读总榜第1名！) (大星文化出品),毛姆,2017年10月26日
波拉尼奥作品集：2666,罗贝托·波拉尼奥,2017年10月26日
波拉尼奥作品集·地球上最后的夜晚,罗贝托·波拉尼奥,2017年10月26日
鳄鱼街（精装版）, ( 波 ) 舒尔茨,2017年10月26日
源泉,安·兰德,2017年10月26日
天空的另一半（《华盛顿邮报》 年度十佳书籍！《纽约时报》畅销榜第1名！累计销量逾500万！普利策新闻奖得主震撼人心代表作。） (大鱼读品系列),尼可拉斯·D·克里斯多夫,2017年10月26日
巨人的陨落（读客熊猫君出品，肯福莱特世纪三部曲第一部！全球读者平均3个通宵读完的超级小说巨著！） (读客全球顶级畅销小说文库 258),肯·福莱特,2017年10月26日
二手时间（完整图文版）,阿列克谢耶维奇,2017年10月26日
一个叫欧维的男人决定去死（第89届奥斯卡最佳外语片提名 ，豆瓣书评9.1分 电影同名原著 英美韩亚马逊读者五星好评） (大鱼读品系列),弗雷德里克·巴克曼,2017年10月26日
悦经典系列03:人间失格,太宰治,2017年10月26日
阳光下的罪恶 (午夜文库),阿加莎·克里斯蒂,2017年10月26日
罗杰疑案 (午夜文库),阿加莎·克里斯蒂,2017年10月26日
尼罗河上的惨案（一个精巧的谜题，一段旖旎的风光，一曲爱情的挽歌！阿加莎·克里斯蒂最经典的作品之一，改编电影获奥斯卡和金球奖提名） (午夜文库),阿加莎·克里斯蒂,2017年10月26日
无人生还（全球销量第一的侦探小说，古典推理的不朽名作！） (午夜文库),（英）阿加莎·克里斯蒂,2017年10月26日
斯通纳（即使不能拥有完美的生活，所幸追求过完整的自我）,约翰·威廉斯,2017年10月26日
The Art of Loving (English Edition),Erich Fromm,2017年9月13日
杂食者的两难,迈克尔·波伦,2017年9月13日
新航道英语语法红宝书,胡敏,2017年9月6日
葛传椝英语惯用法词典,葛传椝,2017年9月6日
恋爱课,陈雪,2017年8月22日
我们的身体、情爱和性（人文讲谈录5）,陈雪 李银河,2017年8月22日
知乎周刊・权力的游戏（总第120期）,知乎,2017年8月14日
读客经典文库：三体全集（每个人的书架上都该有套《三体》！关于宇宙的狂野想象！）（套装共3册）,刘慈欣,2017年8月13日
史蒂夫·乔布斯传(Steve Jobs:A Biography)(乔布斯唯一正式授权传记中文版）（修订版） (中信十年人物经典),沃尔特·艾萨克森 (Walter Isaacson),2017年8月13日
一个人,安·兰德,2017年7月23日
黑天鹅+反脆弱+随机生存的智慧(套装共3册),纳西姆•尼古拉斯•塔勒布,2017年7月13日
稀缺：我们是如何陷入贫穷与忙碌的 (《金融时报》2013年必读十佳商业图书),塞德希尔·穆来纳森,2017年7月13日
"思考,快与慢",丹尼尔•卡尼曼,2017年7月13日
活出生命的意义,维克多·E·弗兰克尔,2017年7月13日
如何阅读一本书,莫提默·J·艾德勒,2017年7月13日
一日看尽长安花——听北大教授畅讲中国古代文学,程郁缀,2017年7月13日
改变你的服装，改变你的生活,乔治·布雷西亚,2017年7月13日
新编家常中西面点 (彩图生活悦读系列丛书),《新编家常中西面点》编委会,2017年7月13日
寻味,蔡澜,2017年7月13日
余华长篇小说：活着+兄弟+许三观卖血记+在细雨中呼喊（套装共4册）,余华,2017年7月13日
"暖食:质朴的味道,家的味道",蔡澜,2017年7月13日
家常炒饭盖饭,夏金龙,2017年7月13日
西方哲学史(英汉对照版)(修订版)(套装共2册),弗兰克·梯利 (Frank Thilly),2017年7月13日
时间管理:如何充分利用你的24小时（漫画版） (简单有趣的个人管理丛书),吉姆·兰德尔(Jim Randel),2017年7月13日
毅力:如何培养自律的习惯（漫画版） (简单有趣的个人管理丛书),吉姆·兰德尔(Jim Randel),2017年7月13日
自控力,凯利·麦格尼格尔(Kelly McGonigal),2017年7月13日
全唐诗（2）,彭定求,2017年7月11日
唐诗鉴赏辞典 (中国古典诗词曲赋鉴赏系列工具书),周啸天,2017年7月11日
宋词鉴赏辞典 (中国古典诗词曲赋鉴赏系列工具书),唐圭璋,2017年7月11日
人间词话七讲（节选）,叶嘉莹,2017年7月11日
北大出版社畅销书精选系列：叶嘉莹说柳永词,叶嘉莹,2017年7月11日
人间词话(插图本),王国维,2017年7月11日
诗经楚辞鉴赏辞典 (中国古典诗词曲赋鉴赏系列工具书),周啸天,2017年7月11日
大家小书:宋词赏析（精） (大家小书精装本),沈祖棻,2017年7月11日
开膛手与小红帽 (千种豆瓣高分原创作品·看小说),李可笑,2017年7月11日
法律到底惹了什么祸？  “刺死辱母者案”反思 (香港凤凰周刊精选故事),凤凰周刊,2017年7月10日
拯救你的注意力（《哈佛商业评论》增刊）,哈佛商业评论,2017年7月8日
天生变态狂：TED心理学家的脑犯罪之旅（《天才在左疯子在右》作者高铭真挚推荐）,詹姆斯·法隆,2017年7月8日
重口味心理学,姚尧,2017年7月8日
疯狂成瘾者：TED脑科学家的戒瘾成功之路（高铭力荐的《天生变态狂》姊妹篇）,马克•刘易斯,2017年7月8日
"四世同堂（一部中国现代长篇小说经典名著,是老舍先生的著名代表作之一。值得每一代中国人阅读的文学经典，值得每一个中国人珍藏的民族记忆！小说史诗般地展现了第二次世界大战期间，中国人民为世界反法西斯战争做出的杰出贡献，气度恢弘，可歌可泣。）",老舍,2017年7月8日
山河袈裟,李修文,2017年7月8日
黑暗时刻：希特勒、大屠杀与纳粹文化（上下册）,单世联,2017年7月8日
莫泊桑短篇小说集 (世纪文学经典),莫泊桑,2017年7月8日
不能不去爱的两件事,松浦弥太郎,2017年7月8日
上帝的图书馆 (世界奇幻大师丛书),司各特·霍金斯,2017年7月8日
世界名著名译文库 托尔斯泰集-安娜·卡列尼娜（精装版）,托尔斯泰,2017年7月8日
悦经典系列16：春琴抄,谷崎润一郎,2017年7月8日
摆渡人（媲美《追风筝的人》《偷影子的人》心灵治愈系小说。畅销欧美33个国家，荣获多项图书大奖。）,(英)克莱儿·麦克福尔,2017年7月8日
梦的解析（经典畅销版）,西格蒙德·弗洛伊德,2017年7月8日
秘密,(日)东野圭吾,2017年7月8日
追忆逝水年华 (译文名著精选),马塞尔·普鲁斯特(Marcel Proust),2017年7月8日
假面饭店,东野圭吾,2017年7月8日
菊与刀（唯一一本名家作序·慢读系列）,鲁思·本尼迪克特,2017年7月8日
小王子(65周年纪念版),圣埃克絮佩里(Saint-Exupery),2017年7月8日
一个陌生女人的来信(外研社双语读库) (译文/名著文库) (English Edition),斯蒂芬·茨威格(Stephan Zweig),2017年7月8日
24个比利,丹尼尔·凯斯,2017年7月8日
情人（征服亿万读者的畅销小说大师渡边淳一，演绎了当代都市社会中超越常规的情爱生活，深度探讨婚姻是否就是爱情的归宿。）,渡边淳一,2017年7月8日
人间失格 (太宰治灵魂深处无助的生命绝唱 献给迷茫中挣扎的人),太宰治,2017年7月8日
怒（试读本）（日本重量级芥川奖作家）,[日]吉田修一,2017年7月7日
下一站，伊朗 (世界遗产地理·口袋旅行笔记),世界遗产地理,2017年7月2日
牛虻（被遗忘的世界名著）,(爱尔兰)伏尼契,2017年6月28日
没有个性的人（套装上下册） (^_^),罗伯特·穆齐尔(Robert Musil),2017年6月28日
人间椅子 (午夜文库),江户川乱步,2017年6月20日
童年的消逝,尼尔·波兹曼,2017年6月3日
A Manual for Cleaning Women: Selected Stories (English Edition),Lucia Berlin,2017年6月3日
娱乐至死,尼尔·波兹曼,2017年6月2日
"华兹华斯""化身""诗学研究",赵光旭,2017年5月17日
凯尔特的薄暮(外研社双语读库) (English Edition),[爱尔兰] 威廉·巴特勒·叶芝（William Butler Yeats）,2017年5月10日
The Green Helmet and Other Poems (免费公版书) (English Edition),W. B. (William Butler) Yeats,2017年5月10日
尤利西斯(中英双语)（全2册）,詹姆斯•乔伊斯,2017年5月7日
"Royal Edinburgh Her Saints, Kings, Prophets and Poets (English Edition)",Mrs. (Margaret) Oliphant,2017年5月6日
英诗经典名家名译:华兹华斯诗选(英汉对照)(图文版) (English Edition),威廉•华兹华斯,2017年4月30日
缘缘堂随笔 (民国学术文化名著),丰子恺,2017年4月20日
穷游锦囊：伦敦,穷游网,2017年4月7日
穷游锦囊：爱尔兰,穷游,2017年4月7日
穷游锦囊：骑行台湾,穷游网,2017年3月28日
穷游锦囊：台北,穷游网,2017年3月28日
洪堡的礼物（1976年获普利策奖，真实地再现了当代美国社会光怪陆离的生活画面） (索尔·贝娄作品集),[美] 索尔·贝娄,2017年3月14日
更多的人死于心碎（对当代文化富于人性的理解和精妙的分析） (索尔·贝娄作品集),[美] 索尔·贝娄,2017年3月15日
Waking Kate (English Edition),Sarah Addison Allen,2017年3月5日
了不起的匠人（全20册套装）(火爆话题匠人纪录片！豆瓣评分8.5！人民日报力荐！）,知了青年,2017年3月5日
Lonely Planet Accessible Melbourne (Travel Guide) (English Edition),Lonely Planet,2017年3月5日
精进：如何成为一个很厉害的人（知乎604939个赞同认证的惊喜之作！豆瓣9.4分高分推荐！）,采铜,2017年3月4日
热爱澳大利亚的99个细节,王雨萌,2017年3月1日
斯坦福极简经济学 (博集经管商务必读系列),(美)泰勒,2017年2月26日
诺贝尔文学奖作品典藏书系:丛林之书,J.吉卜林,2017年2月21日
妻妾成群 (中篇小说金库),苏童,2017年2月21日
非典型总统特朗普 (博集经管商务必读系列),财新传媒,2017年1月24日
医生为何成了“高危职业”？ (香港凤凰周刊精选故事),凤凰周刊,2017年1月24日
渔人的葬礼——十五年前的灾难记忆 (香港凤凰周刊精选故事),凤凰周刊,2017年1月24日
麻风病患：被隔绝的与被遗忘的 (香港凤凰周刊精选故事),凤凰周刊,2017年1月24日
精神病人：逃离病笼 (香港凤凰周刊精选故事),凤凰周刊,2017年1月24日
微表情心理学,哈里·巴尔肯,2017年1月17日
自我的超越性:一种现象学描述初探 (汉译世界学术名著丛书),让-保尔·萨特(Sartre.J.P.),2017年1月14日
把世界的重量担在肩上：萨特导读（大师阅读课系列）,罗伯特·贝纳斯科尼,2017年1月14日
女宾——《第二性》作者波伏娃首次授权中文电子书！ (西蒙娜·德·波伏瓦作品系列),西蒙娜·德·波伏瓦(Simone de Beauvoir),2017年1月13日
我所经历的日本生活 (千种豆瓣高分原创作品·在他乡),梵婀伶,2017年1月9日
中国误会了袁世凯（读客熊猫君出品。） (读客这本史书真好看文库),吕峥,2017年1月9日
日本论 (你不知道的社科常识-趣味系列 4),戴季陶,2017年1月9日
弗洛伊德，性学与爱情心理学(经典畅销版),西格蒙德·弗洛伊德,2017年1月9日
风口上的猪——一本书看懂互联网金融,肖璟,2017年1月9日
唐辛子IN日本:有关教育、饮食和男女,唐辛子,2017年1月9日
Tor.com Publishing Fall 2015 Sampler (English Edition),Kai Ashante Wilson,2017年1月9日
品质德国 (中国故事),财新传媒,2017年1月9日
亲密关系 (博集外国文学书榜系列),孟(Moon C.),2017年1月6日
树之生命木之心(天地人三卷),西冈常一,2017年1月6日
经济学原理,阿尔弗雷德·马歇尔,2017年1月5日
民主的细节：当代美国政治观察随笔,刘瑜,2017年1月5日
政道与商道,张玉辉,2017年1月4日
中国近代史：1840~1937（蒋介石、李敖、任志强、费正清、郭廷以、李济、何炳棣等共同推崇的近代史大家）,蒋廷黻,2017年1月4日
中国缺什么，日本缺什么,近藤大介,2017年1月4日
侣行（套装共3册）,张昕宇,2017年1月4日
神探夏洛克全集(套装共5册),阿瑟·柯南·道尔,2017年1月4日
图解时间简史,霍金,2017年1月4日
海子诗全集,海子,2017年1月4日
国学备览(套装共12册完整版国学合辑),赵敏俐,2017年1月4日
万万没想到:用理工科思维理解世界,万维钢(同人于野),2017年1月4日
黄金时代 (王小波集),王小波,2017年1月4日
爱你就像爱生命 (王小波全集),王小波,2017年1月3日
大型网站技术架构:核心原理与案例分析,李智慧,2016年12月24日
爱情三部曲（雾·雨·电）,巴金,2016年12月23日
人间失格 (博集文学典藏系列),太宰治,2016年12月23日
Linux指令一周通 (技术图书大系),石永峰,2016年12月23日
英国20世纪文学史 (五卷本英国文学史),王佐良  周珏良,2016年12月18日
维柯的哲学 (大象学术译丛),克罗齐,2016年12月18日
The Golden Bough (免费公版书) (English Edition),James George Frazer,2016年12月18日
Building Machine Learning Systems with Python - Second Edition (English Edition),Luis Pedro Coelho,2016年12月18日
陀思妥耶夫斯基集（世界名著名译文库 全九册）,陀思妥耶夫斯基,2016年12月18日
曹文轩文集精华版：草房子 (曹文轩纯美小说系列(完整版)),曹文轩,2016年12月9日
山羊不吃天堂草 (曹文轩纯美小说系列(完整版)),曹文轩,2016年12月9日
世界儿童文学阅读与经典 (彭懿童书阅读指南),彭懿,2016年12月6日
写给大家看的设计书(第3版),威廉斯 (Robin Williams),2016年11月30日
超越智商：为什么聪明人也会做蠢事,斯坦诺维奇(Stanovich K.E.),2016年11月30日
刻意练习：如何从新手到大师,安德斯·艾利克森(Anders Ericsson),2016年11月30日
黄鸡白酒：迟子建最新小说集,迟子建,2016年11月26日
中国少了一味药,慕容雪村,2016年11月26日
三国史话 (国民阅读经典),吕思勉,2016年11月26日
浮生六记（阅读无障碍本） (古典名著阅读无障碍本),沈复,2016年11月26日
这边风景(上下册),王蒙,2016年11月26日
日光流年,阎连科,2016年11月26日
情感狱,阎连科,2016年11月26日
甘南纪事 (命运三部曲),杨显惠,2016年11月26日
三国演义,罗贯中,2016年11月22日
春琴抄,谷崎润一郎,2016年9月4日
译言·全球书评（第18期）·爱丽丝·门罗：拷问命运的激泉石,译言网,2016年9月1日
希区柯克悬念故事全集,阿尔弗雷德·希区柯克,2016年8月27日
罗生门,芥川龙之介,2016年8月27日
名家散文典藏系列（鲁迅、胡适、徐志摩、丰子恺、朱自清、茅盾、郁达夫、张中行、尤今、梁遇春、许地山等全套11本）,徐志摩,2016年8月27日
摩尔周刊 第019期,摩尔金融撰稿人,2016年8月4日
大力水手 (常青藤漫画馆),埃尔兹·西格,2016年8月4日
中国经典动画大全集:三毛流浪记,张乐平,2016年8月4日
阿卡狄亚 绝非普通人·红发球艾米丽  一套充满正能量的法国漫画绘本。“非一般”人物的励志搞笑故事！ “不同，也是一种力量！” (绝非普通人系列 3),［法］弗雷德里克•李维 / 文图,2016年8月4日
教父（读客熊猫君出品，男人的圣经，智慧的总和！） (读客全球顶级畅销小说文库 82),马里奥·普佐,2016年8月2日
梦的解析 (西方经典悦读),弗洛伊德,2016年8月2日
芝士书摘第004期：生活中的经济学,芝士,2016年6月29日
单向街005:反智的年代 (单读 5),许知远,2016年5月14日
绿山墙的安妮:ANNE OF GREEN GABLES(英文原版) (Holybird New Classics) (English Edition),露西•M•蒙哥马利,2016年5月9日
大夏书系·家庭教育,陈鹤琴,2016年5月5日
安徒生童话,(丹)安徒生,2016年5月4日
王尔德童话（世界儿童文学经典分级阅读）,奥斯卡·王尔德,2016年5月4日
海底两万里 (经典译林),儒尔·凡尔纳(Jules Verne),2016年4月26日
码农·进击的Java（总第16期）,码农,2016年4月13日
案例：校园P2P，看上去很美？（第33辑）,蓝狮子（中国）企业研究院,2016年4月2日
案例：风险投资的逻辑（第34辑）,蓝狮子（中国）企业研究院,2016年4月2日
案例：如何分享时代的知识？（第36辑）,蓝狮子（中国）企业研究院,2016年4月2日
案例：亚文化商业的“野狐禅”（第37辑）,蓝狮子（中国）企业研究院,2016年4月2日
案例：前进，女性领导商业（第35辑）,蓝狮子（中国）企业研究院,2016年4月2日
案例：互联网大佬的创业忠告（第29辑）,蓝狮子（中国）企业研究院,2016年4月2日
男孩的冒险书:中国篇,《男孩的冒险书》编委会,2016年3月23日
肠子，脑子，厨子: 人类与食物的演化关系,(美)约翰·S.艾伦 著  陶凌寅 译,2016年3月16日
简约至上:交互式设计四策略 (图灵交互设计丛书 1),科尔伯恩(Giles Colborne),2016年3月16日
人格心理学导论,郭永玉 等,2016年3月13日
零边际成本社会（精编图文版）,杰里米·里夫金,2016年3月7日
室内与家具设计人体工程学,程瑞香,2016年2月18日
儿童心理学 (心理学经典实验书系),边玉芳,2016年2月16日
游戏与儿童发展 (当代发展心理学丛书),李燕,2016年2月16日
印度通史 (世界历史文化丛书),林太,2016年2月13日
辉煌灿烂的印度文化的主流——印度教,毛世昌,2016年2月13日
去印度学倒立,吴苏媚,2016年2月2日
印度，去十次都不够,袁田,2016年2月2日
行走土耳其 (三联生活周刊·玲珑系列 4),三联生活周刊,2016年2月2日
骄傲的印度 (三联生活周刊·玲珑系列 3),三联生活周刊,2016年2月2日
斯里兰卡:一朵带刺的鲜花 (三联生活周刊·玲珑系列 5),三联生活周刊,2016年2月2日
论人类不平等的起源和基础(译自法国国家图书馆官方认证法文版)(果麦经典),让-雅克·卢梭,2016年1月31日
社会契约论论人类不平等的起源 (博集文学典藏系列),Rousseau,2016年1月30日
论人类不平等的起源和基础(外研社双语读库) (社会思想经典名著),[法] 让·雅克·卢梭（Jean Jacques Rousseau）,2016年1月30日
外国经典原著荟萃（了不起的盖茨比+美妙的新世界+动物庄园+我们+1984）双语版（套装共5册） (English Edition),(美)菲茨杰拉德,2016年1月24日
人生百忌2 ((刘墉作品集)),刘墉,2015年12月24日
世界简史（世界史抗鼎之作，英国著名作家H. G. 威尔斯代表作品！一本书读懂世界史。）,威尔斯,2015年12月24日
纳尔齐斯与歌尔德蒙,杨武能译,2015年12月24日
听傅雷讲艺术,李云雷,2015年12月24日
职场潜伏心理学:全世界最权威的88个心理学定律,张超,2015年12月24日
上帝掷骰子吗:量子物理史话,曹天元,2015年12月24日
国富论(全译本),亚当·斯密(Adam Smith),2015年12月24日
行者无疆,余秋雨,2015年12月24日
你应该读懂的100幅世界名画(典藏版),易乐,2015年12月24日
人生不过如此（林语堂著） (林语堂作品集),林语堂,2015年12月24日
顾城精选集 (世纪文学•60家),顾城,2015年12月24日
文化苦旅（新版）,余秋雨,2015年12月24日
菊与刀,鲁斯•本尼迪克特,2015年12月24日
拆掉思维里的墙：原来我还可以这样活,古典,2015年12月24日
风物长宜放眼量：季羡林谈传统文化,季羡林,2015年12月24日
留德十年(季羡林作品珍藏本)(图文版) (中国人自述丛书),季羡林,2015年12月24日
中国通史(双色典藏版) (吕思勉经典作品),吕思勉,2015年12月24日
季羡林:读书与做人(纪念珍藏版),季羡林,2015年12月24日
弗洛伊德文集(套装共12册),车文博,2015年12月17日
弗洛伊德性学经典,西格蒙德•弗洛伊德(Sigmund Freud,2015年12月17日
性学三论与爱情心理学（解救人类思想， 解读一切行为动机，揭示人类心理隐私的传世巨著！）,弗洛伊德,2015年12月17日
怦然心动（电影《怦然心动》同名原著）,文德琳·范·德拉安南,2015年12月9日
寻欢作乐（毛姆本人得意之作，绘声绘色讲述文艺圈里的逸闻韵事） (百读文库),威廉•萨默塞特•毛姆,2015年11月24日
无声告白（读客熊猫君出品，2014美国亚马逊年度图书。我们终此一生，就是要摆脱他人的期待，找到真正的自己）,伍绮诗,2015年11月17日
她的国·译言古登堡计划,(美)夏洛特•珀金斯•吉尔曼,2015年11月16日
月光落在左手上,余秀华,2015年11月12日
伟大的思想(第三辑)女权辩护,【英】玛丽•沃斯通克拉夫特,2015年11月9日
追星与粉丝:揭秘偶像崇拜中的心理效应 (岳晓东博士大众心理丛书),岳晓东,2015年10月18日
人性之根:互联网思想的本质,陈禹安,2015年10月16日
驯悍记,(英)莎士比亚,2015年10月12日
知识的边界,戴维•温伯格,2015年10月8日
这书能让你戒烟,亚伦•卡尔,2015年9月28日
中译经典文库•世界文学名著:纯真年代(英语原著版) (English Edition),华顿,2015年9月19日
小王子(法国“圣埃克苏佩里基金会”官方认可简体中文译本)(果麦经典),安托万·德·圣埃克苏佩里,2015年9月18日
小王子(中英法三语对照经典版) (经典漫画文学馆),安东尼·圣埃克苏佩里 (Antoine de Saint-Exupery),2015年9月16日
和歌美学,郑民钦,2015年9月2日
一朵桔梗花,连城三纪彦,2015年9月1日
牡丹亭,汤显祖,2015年8月31日
福尔摩斯探案全集(套装共11册),柯南道尔(Conan Doyle A.),2015年8月31日
Hamlet (French Edition),William Shakespeare,2015年8月26日
透明 (纳博科夫作品系列),弗拉基米尔·纳博科夫 (Vladimir Nabokov),2015年8月22日
婚约：中短篇小说选 (黑塞文集),赫尔曼·黑塞(Hermann Hesse),2015年8月22日
田园交响曲 (译文经典),安德烈·纪德(Andre Gide),2015年8月22日
堤契诺之歌:散文、诗与画 (黑塞文集),赫尔曼·黑塞(Hermann Hesse),2015年8月22日
纳尔齐斯和歌尔德蒙 (黑塞文集),赫尔曼·黑塞(Hermann Hesse),2015年8月22日
莎士比亚喜剧五种 (译文名著精选),威廉·莎士比亚 (William Shakespeare),2015年8月21日
莎士比亚四大悲剧,威廉·莎士比亚 (William Shakespeare),2015年8月21日
King Henry V (亨利五世) (免费公版书) (English Edition),William Shakespeare,2015年8月21日
诺贝尔文学奖作品典藏书系:夏夜里的人们,（芬）F.西兰帕,2015年8月20日
诺贝尔文学奖作品典藏书系：亚特兰蒂斯,盖哈特•霍普特曼,2015年8月20日
诺贝尔文学奖作品典藏书系:荒原狼,（德）H.黑塞,2015年8月20日
诺贝尔文学奖作品典藏书系：凯尔特的薄暮,W.叶芝,2015年8月20日
Walden (免费公版书) (English Edition),Henry David Thoreau,2015年8月18日
六个寻找剧作家的角色 (译文戏剧馆),路伊吉·皮兰德娄(Luigi Pirandello),2015年8月17日
尼古拉·果戈理 (纳博科夫作品系列),弗拉基米尔·纳博科夫(Vladimir Nabokov),2015年8月17日
寻路中国：从乡村到工厂的自驾之旅 (译文纪实),彼得·海斯勒(Peter Hessler),2015年8月17日
奇石：来自东西方的报道 (译文纪实),彼得·海斯勒(Peter Hessler),2015年8月17日
蒋勋说红楼梦1-4辑(套装共4册),蒋勋,2015年8月17日
无聊的魅力 (阿兰·德波顿文集),阿兰·德波顿(Alain de Botton),2015年8月17日
写给无神论者:宗教对世俗生活的意义 (阿兰·德波顿文集),阿兰·德波顿(Alain de Botton),2015年8月17日
新闻的骚动 (阿兰·德波顿文集),阿兰·德波顿(Alain De Botton),2015年8月17日
无名的裘德(译文名著精选),托马斯·哈代 (Thomas Hardy),2015年8月17日
魔山(译文名著文库),托马斯·曼 (Thomas Mann),2015年8月17日
死于威尼斯 (译文经典),托马斯·曼(Thomas Mann),2015年8月17日
浪子回家集 (译文经典),安德烈·纪德(Andre Gide),2015年8月17日
复活(译文名著精选),列夫·托尔斯泰 (Leo Tolstoy),2015年8月17日
娜娜（重复下架） (译文名著文库),爱弥尔·左拉(Emile Zola),2015年8月17日
欧叶妮·格朗台/高老头 (译文名著精选),奥诺雷·德·巴尔扎克 (Honore de Balzac),2015年8月17日
白夜 (译文经典),费多尔·陀思妥耶夫斯基 （Fyodor Dostoevsky),2015年8月17日
没有父亲的人·林妖 (契诃夫戏剧全集),安东·契诃夫 （Anton Chekhov）,2015年8月17日
契诃夫小说全集 第5卷,安东·契诃夫 （Anton Chekhov）,2015年8月17日
契诃夫小说全集 第9卷,安东·契诃夫 （Anton Chekhov）,2015年8月17日
契诃夫独幕剧集 (契诃夫戏剧全集),安东·契诃夫 （Anton Chekhov）,2015年8月17日
伊凡诺夫·海鸥 (契诃夫戏剧全集),安东·契诃夫 （Anton Chekhov）,2015年8月17日
万尼亚舅舅·三姊妹·樱桃园 (契诃夫戏剧全集),安东·契诃夫(Anton Chekhov),2015年8月17日
京华烟云(套装上下册) (林语堂文集),林语堂,2015年8月8日
失乐园 (渡边淳一经典作品集),渡边淳一,2015年8月8日
夜莺与玫瑰,奥斯卡·王尔德,2015年8月8日
失乐园(译文名著精选),约翰·弥尔顿(John Milton),2015年8月8日
张爱玲小说 (名家名作精选),张爱玲,2015年8月8日
白痴 (译文名著精选),费多尔·陀思妥耶夫斯基(Fyodor Dostoevsky),2015年8月8日
莎士比亚四大悲剧,莎士比亚,2015年8月8日
钟罩 (普拉斯作品),西尔维娅·普拉斯(Sylvia Plath),2015年8月8日
小人物日记 (一力文库),乔治·格罗史密斯(George Grossmith),2015年8月8日
儿子与情人 (译文名著精选),D·H·劳伦斯(D.H.Lawrence),2015年8月8日
悉达多 (黑塞作品集),赫尔曼·黑塞,2015年8月8日
城堡 (译文名著精选),弗兰茨·卡夫卡 (Franz Kafka),2015年8月8日
"永别了,武器 (译文名著精选)",欧内斯特·海明威(Ernest Hemingway),2015年8月8日
逃离德黑兰,安东尼奥•J•门德兹,2015年8月8日
三杯茶,葛瑞格•摩顿森 (Greg Mortenson),2015年8月8日
沉思录 (一力文库 15),马可·奥勒留 (Aurelinus,2015年8月8日
靠自己去成功 (刘墉作品集),刘墉,2015年8月8日
在难搞的日子笑出声来（无图版）,大鹏,2015年8月8日
拆掉思维里的墙:原来我还可以这样活,古典,2015年8月8日
侣行（豆瓣评分9.4分，优酷网同名视频点击量突破1.4亿）,张昕宇,2015年8月8日
天才在左疯子在右,高铭,2015年8月8日
总有一天，你要一个人走,马克 韦伯,2015年8月8日
说服力：如何让他人改变想法（漫画版） (简单有趣的个人管理丛书),吉姆·兰德尔(Jim Randel),2015年8月8日
世界上到处都是有才华的穷人：从穷人到富人的13个关键点 (美国排名第一的领导力大师、成功学导师 麦克斯韦尔 力作),[美]约翰·麦克斯韦尔,2015年8月8日
当时忍住就好了【胡歌说：说得太对了。哈佛大学性格自修课，写给每个内心善良，却总被误会的性情中人】,肯·林德纳,2015年8月8日
All Good Things Come to an End: Free Teen eSampler (English Edition),Kate Brian,2015年8月7日
宋词三百首全解,上彊邨民,2015年8月7日
烟月不知人事改:宋词中的悲欢离合,白落梅,2015年8月7日
300 CLASSIC POEMS:经典诗歌300首(英文原版，免费下载配套朗读) (西方经典英文读物 Book 9) (English Edition),亨利·W·朗费罗,2015年8月7日
诗的时光书 (博集唯美文学系列),苏缨,2015年8月7日
一人食:一个人也要好好吃饭（读客熊猫君出品，真实而感人的故事，向所有在热闹的城市中独自吃饭的人传递一种正能量。）,蔡雅妮,2015年7月8日
中国的石刻与石窟 (中国读本),徐自强,2015年6月30日
法国现当代史 (世界历史文化丛书),金重远,2015年6月15日
你知道或不知道的法国史,庞国雄,2015年6月15日
法国通史 (世界历史文化丛书),吕一民,2015年6月14日
低智商社会 (大前研一作品),大前研一,2015年6月7日
后现代主义与大众文化 (后现代书系),安吉拉·默克罗比,2015年6月7日
Le Rouge et le noir (红与黑 ) (免费公版书 t. 357) (French Edition),Stendhal ,2015年6月7日
资本论 (西方经典悦读),马克思,2015年6月7日
美妙的新世界 (经典译林),阿道斯·伦纳德·赫胥黎,2015年6月1日
我们(反乌托邦三部曲),叶甫盖尼·扎米亚京,2015年6月1日
颂歌·译言古登堡计划,[美] 安•兰德（Ayn Rand）著 刘书梅、徐凤銮 译,2015年5月25日
历史的碎片：侧击辛亥,张鸣,2015年5月22日
历史与看客 (知识分子丛书),张鸣,2015年5月22日
历史的空白处,张鸣,2015年5月22日
新手易学:五笔打字,华诚科技,2015年5月22日
糖与香料（备受争议的畅销罪案小说，惊悚超越《沉默的羔羊》，法语版译名《性欲倒错》）,萨菲娜·德福奇,2015年5月18日
荣格与分析心理学（心灵花园：沙盘游戏与艺术心理治疗丛书） (心灵花园:沙盘游戏与艺术心理治疗丛书),申荷永,2015年5月15日
完全图解荣格心理学 (完全图解系列),霍欣彤,2015年5月15日
自我的挣扎:神经官能症与人性的发展 (成功大师经典),卡伦•霍妮,2015年5月15日
Moby Dick: or the White Whale (白鲸) (免费公版书) (English Edition),Herman Melville,2015年5月14日
The Invisible Man (免费公版书) (English Edition),H. G. (Herbert George) Wells,2015年5月14日
长恨歌(新),王安忆,2015年5月14日
不如去死,[日] 京极夏彦,2015年5月13日
金枝(套装共2册),詹姆斯·乔治·弗雷泽(Jomes George Frazer),2015年5月13日
人生的戒律 (马斯洛现代成功心理经典),马成功,2015年5月12日
执行的效力 (马斯洛现代成功心理经典),马成功,2015年5月12日
心态的激励 (马斯洛现代成功心理经典),马成功,2015年5月12日
马斯洛精选集：人性能达到的境界,方士华,2015年5月11日
把你的英语用起来,伍君仪,2015年5月11日
荣格自传 （经典权威译本）,荣格,2015年5月11日
我是猫 (经典译林),夏目漱石,2015年5月11日
性吸引力私密教程,埃德蒙·沙夫茨伯里,2015年5月11日
滚床单心理学,肖雪萍,2015年5月11日
我们的历史撷英版：家·国·天下,新历史合作社,2015年5月11日
期待复活:古埃及人生活探秘,郭丹彤,2015年5月11日
民国的角落 (读点民国史系列图书),张鸣,2015年5月11日
北大授课：中华文化四十七讲,余秋雨,2015年5月11日
野哭：弘光列传 (李洁非明史书系),李洁非著,2015年5月11日
黑洞——弘光纪事 (李洁非明史书系),李洁非,2015年5月11日
青鸟（世界儿童文学经典分级阅读）,莫里斯·梅特林克,2015年5月11日
你是在恋爱，还是在发神经,丛扬洋,2015年5月11日
不畏将来 不念过去,十二,2015年5月11日
你好，旧时光--三周年完美纪念版，套装全三册,八月长安,2015年5月11日
日本料理物语——美食职人对话七则,〔日〕吉井忍,2015年5月11日
为何家会伤人,武志红,2015年5月11日
洗脑术：怎样有逻辑的说服他人,高德,2015年5月11日
硬派健身·减肥篇：知乎斌卡自选集 (知乎「盐」系列),斌卡,2015年5月11日
美国学生人类史(英汉双语版)(套装上下册) (西方原版教材之文史经典),亨德里克•威廉•房龙,2015年5月11日
美国学生艺术史（英汉双语版)(上下册） (西方原版教材之文史经典),维吉尔•Ｍ•希利尔,2015年5月11日
英国语文（英文原版)(套装共六册) (西方原版教材之语文系列 Book 21) (English Edition),托马斯-尼尔森公司,2015年5月11日
三行情书,北川理惠,2015年5月11日
马斯洛精选集：动机与人格,方士华,2015年5月11日
底牌 (午夜文库),阿加莎·克里斯蒂,2015年5月11日
狼图腾 (九头鸟长篇小说文库),姜戎,2015年5月11日
记忆与印象 (博集文学典藏系列),史铁生,2015年5月11日
我与地坛,史铁生,2015年5月11日
一生必读的26部欧美人文经典译丛（套装26册）,尼采,2015年5月11日
Ten Rules for a Call Girl: An eShort Story (English Edition),Allison Leotta,2015年5月7日
The Invisible Man (English Edition),H.G. Wells,2015年5月7日
The Gift of the Magi (English Edition),O. Henry,2015年5月7日
50 CLASSIC ESSAYS:经典随笔50首(英文原版，免费下载配套朗读) (西方经典英文读物 Book 10) (English Edition),伯特兰•罗素,2015年5月7日
Finding Cinderella: A Novella (English Edition),Colleen Hoover,2015年5月7日
The War of the Worlds (English Edition),H.G. Wells,2015年5月7日
The Raven (English Edition),Edgar Allan Poe,2015年5月7日
A Portrait of the Artist as a Young Man (免费公版书) (English Edition),James Joyce,2015年5月7日
林语堂全集:老子的智慧,林语堂,2015年5月2日
林语堂文集7:孔子的智慧,林语堂,2015年5月2日
父与子全集(彩色版),埃·奥·卜劳恩,2015年4月29日
俯仰关中 (茅盾文学奖获奖者散文丛书),陈忠实,2015年4月21日
"如何读,为什么读 (黄灿然)",哈罗德·布鲁姆,2015年4月21日
人生百忌 (刘墉作品集),刘墉,2015年4月21日
藏宝图,莫言,2015年4月17日
丰乳肥臀 (莫言文集),莫言,2015年4月17日
酒国 (诺贝尔文学奖获得者莫言作品系列),莫言,2015年4月17日
莫言作品解读,杨扬,2015年4月15日
钟鼓楼 (茅盾文学奖获奖作品全集),刘心武,2015年4月15日
读懂男人看清女人,问道,2015年4月14日
火星人和金星人的秘密花园:男女交往趣味心理学 (两性情感系列),开人,2015年4月14日
男人装Kindle特辑 两性调查,男人装,2015年4月13日
男人来自火星，女人来自金星（套装共4册）,约翰·格雷,2015年4月13日
只有医生知道,张羽,2015年4月13日
微微一笑很倾城 (顾漫欢笑言情系列),顾漫,2015年4月11日
东野圭吾作品：信（东野圭吾集大成之作品 ，上市一月热销100万册）,东野圭吾,2015年4月11日
牛津通识读本：现代日本（中文版）,克里斯托弗·戈托－琼斯,2015年4月11日
灿烂千阳（《追风筝的人》作者献给阿富汗女性的动人故事。） (胡赛尼作品),胡赛尼,2015年4月11日
李叔同文艺作品集,李叔同,2015年4月10日
人与土地 (铁葫芦·文艺馆),阮义忠,2015年4月10日
简书周刊044·谈谈文艺吧,简书,2015年4月10日
极客公园3月号（上）：MWC上不能错过的趋势,极客公园,2015年4月8日
极客公园3月号（下）：HTC十七年兴衰史里的起转承,极客公园,2015年4月8日
极客公园2月号（下）：微信5.2的立与破,极客公园,2015年4月8日
极客公园4月号（下）：奇点前站,极客公园,2015年4月8日
极客公园4月（上）：亚文化的逆袭,极客公园,2015年4月8日
极客公园11月号：轻应用能改变什么？,极客公园,2015年4月8日
极客公园·GIF特刊,极客公园,2015年4月8日
极客公园7月号：我们需要什么样的智能电视？,极客公园,2015年4月8日
极客公园10月号：iPhone死忠用户叛逃Andriod阵营,极客公园,2015年4月8日
极客公园8月号：汽车互联网时代的来临,极客公园,2015年4月8日
极客公园3月号：马斯克的「第一原理」是什么？,极客公园,2015年4月8日
极客公园·LiFi将灯光变成WiFi,极客公园,2015年4月8日
极客公园1月号：2013你不能错过的产品2,极客公园,2015年4月8日
极客公园5月号（下）：锤子 VS 自拍,极客公园,2015年4月8日
极客公园11月号：从661个产品看2014年的5大产品趋势,极客公园,2015年4月8日
极客公园5月号：微信是如何成为微信的？,极客公园,2015年4月8日
极客公园5月号(上):「奇点•极客公园创新者峰会2014」之硅谷新神,极客公园,2015年4月8日
极客公园12月号：2013你不能错过的产品,极客公园,2015年4月8日
极客公园2月号:完全极客养成指南特辑,极客公园,2015年4月8日
Facebook之父马克·扎克伯格——后乔布斯时代的传奇,林志共 王静,2015年4月8日
极客公园9月号：豆瓣阅读的数字出版尝试,极客公园,2015年4月8日
微革命:微小的创新颠覆世界,金错刀,2015年4月6日
极客公园1月号（下）：极客公园创新大会特刊,极客公园,2015年4月5日
芬兰，小国大创新的启示 (复旦商业知识 2),复旦商业知识,2015年4月5日
红高粱 (中篇小说金库),莫言,2015年4月5日
当你老了:路过心上的诗句(中国篇),侯莉莉,2015年4月4日
拜伦诗选(杨德豫译诗集) (诗苑译林),杨德豫,2015年4月4日
性的起源：第一次性革命的历史 (人文与社会译丛),法拉梅兹·达伯霍瓦拉,2015年4月3日
形而上学,亚里士多德,2015年4月3日
The Patriotic Poems of Walt Whitman (免费公版书) (English Edition),Walt Whitman,2015年4月3日
Essays and Lectures (随笔集) (免费公版书) (English Edition),Oscar Wilde,2015年4月3日
Paradise Lost: With bonus material from The Demonologist by Andrew Pyper (English Edition),John Milton,2015年4月3日
The Colors of Cold: A New Story from The Age of Ice (English Edition),J. M. Sidorova,2015年4月3日
The Mistake (English Edition),Douglas Kennedy,2015年4月3日
The Time Machine (Enriched Classics) (English Edition),H.G. Wells,2015年4月3日
从奥登到叶芝：30诗选的批判性分析（W.H.奥登、泰德·休斯、济慈，菲利普·拉金、叶芝，30首经典诗选的批判性分析，带你走近最美丽的英语诗歌殿堂。）,吉坦加里•慕克吉（Geetanjali Mukherjee）,2015年4月3日
The Cutting of an Agate (免费公版书) (English Edition),W. B. (William Butler) Yeats,2015年4月3日
English Poems (免费公版书) (English Edition),Richard Le Gallienne,2015年4月3日
The Wind Among the Reeds (苇间风) (免费公版书) (English Edition),W. B. (William Butler) Yeats,2015年4月3日
Little Women (免费公版书) (English Edition),Louisa May Alcott,2015年4月3日
Leaves of Grass (草叶集) (免费公版书) (English Edition),Walt Whitman,2015年4月3日
21世纪与过去的联系：是什么塑造了美国？（2000—现在）[双语版] (美国人看美国·历史),（美）米歇尔·昆拜,2015年4月1日
海明威短篇小说集(全译美绘本) (爱藏本成长系列),海明威 (Hemingway),2015年4月1日
福尔摩斯探案集（套装共4册）,柯南·道尔著,2015年4月1日
顾城作品精选 (现当代名家作品精选),顾城,2015年3月31日
路边草,夏目漱石,2015年3月31日
追忆逝水年华:在少女花影下,马塞尔·普鲁斯特,2015年3月31日
中译经典文库•艰难时世(世界文学名著英语原著版) (English Edition),狄更斯,2015年3月31日
烟雨纷繁，负你一世红颜 (民国大师经典书系),张恨水,2015年3月31日
漂亮朋友,莫泊桑,2015年3月31日
1984(反乌托邦三部曲),乔治·奥威尔,2015年3月31日
苔丝 (世界文学名著宝库),哈代,2015年3月31日
诺贝尔文学奖作品典藏书系：大地的成长,K.汉姆生,2015年3月31日
热爱生命 (世界文学名著宝库名家名译插图本),杰克·伦敦,2015年3月31日
高老头·世界文学名著典藏（精装）,巴尔扎克,2015年3月31日
瓦尔登湖(插图本) (世界文学文库) (新版百部世界文学文库),梭罗,2015年3月31日
月亮宝石 (世界文学名著宝库),柯林斯,2015年3月31日
一生 (世界文学名著宝库),莫泊桑,2015年3月31日
社会契约论(双语版),卢梭,2015年3月28日
什么是观光，什么又是旅行？——《纽约时报》旅行随笔合集（纽约时报特辑）,纽约时报中文网编辑部,2015年3月28日
言论的边界：美国宪法第一修正案简史,A) (美)刘易斯(Lewis,2015年3月28日
文学回忆录：中世纪—十七世纪之卷,木心,2015年3月28日
失控：机器、社会与经济的新生物学,凯文·凯利（KevinKelly）,2015年3月27日
长尾理论,[美] 克里斯·安德森,2015年3月27日
沙乡年鉴(美绘本),奥尔多·利奥波德,2015年3月26日
资本论,(德)马克思,2015年3月26日
爱摄影第二季,爱摄影,2015年3月26日
摄影中的前后构图,《庞门正道》著,2015年3月26日
爱摄影第一季,爱摄影,2015年3月26日
两宋文化史,杨渭生,2015年3月26日
浮士德·世界文学名著典藏（精装）,歌德,2015年3月26日
笑面人·世界文学名著典藏（精装）,维克多•雨果,2015年3月26日
飘·世界文学名著典藏,玛格丽特•米切尔,2015年3月26日
雾都孤儿 (经典译林),查尔斯·狄更斯,2015年3月26日
茶花女·世界文学名著典藏（精装）,小仲马,2015年3月26日
梦的解析（以科学的方法来分析和研究“梦”的著作！打破了几千年来人们对于梦的无知、迷信和秘感！做梦的人都在看） (大师经典文库),西格蒙德•弗洛伊德 (Sigmund Freud),2015年3月26日
名家名译悲惨世界(套装上下册),雨果(Hugo V.),2015年3月26日
史记精读 (原典精系列),陈正宏,2015年3月26日
俳句的魅力:日本名句赏析,郑民钦,2015年3月26日
女权运动的创始人——西蒙娜·德·波伏娃,本书编写组,2015年3月22日
结不结婚，这是一个问题,汪淏,2015年3月22日
超越生命的选择 (思想者随笔),萨特阎伟,2015年3月22日
未名社科经典书目,北大社,2015年3月21日
无神论存在主义的主要代表人——萨特,本书编写组,2015年3月21日
教你如何欣赏戏曲艺术,陈义敏,2015年3月21日
洛丽塔 (纳博科夫作品系列),弗拉基米尔·纳博科夫(Vladimir Nabokov),2015年3月19日
女性主义,李银河,2015年3月19日
关于情感的对话,李银河,2015年3月19日
权力身体与自我:福柯与女性主义文学批评 (文学论丛),黄华,2015年3月19日
牛津通识读本：政治的历史与边界（中文版）,肯尼思•米诺格 (Minogue K.),2015年3月19日
泰戈尔诗集（典藏本） (English Edition),〔印度〕泰戈尔,2015年3月19日
文艺复兴艺术 (剑桥艺术史),莱茨,2015年3月19日
牛津通识读本:犹太人与犹太教（中文版）,所罗门,2015年3月19日
牛津通识读本：人生的意义(中文版),特里•伊格尔顿,2015年3月19日
影像的哲学:西方影视美学理论 (影像系列),南野,2015年3月18日
牛津通识读本：达达和超现实主义（中文版）,霍普金斯,2015年3月18日
牛津通识读本：克尔凯郭尔(中文版),帕特里克•加迪纳 (Gardiner P.),2015年3月18日
牛津通识读本：西方艺术新论（中文版）,弗里兰 (Cynthia Freeland),2015年3月18日
"美学导论 (21世纪大学文科教材,复旦博学·哲学系列)",彭锋,2015年3月18日
教你如何欣赏建筑艺术,萧默,2015年3月16日
教你如何欣赏雕塑艺术,钱绍武 谢孟,2015年3月16日
晓日本系列之二：听大师谈茶道,大米书坊,2015年3月16日
晓日本系列之五：听大师谈俳句,大米书坊,2015年3月16日
晓日本系列之四：听大师谈摄影,大米书坊,2015年3月16日
晓日本系列之一：听大师谈音乐,大米书坊,2015年3月16日
晓日本系列之三：听大师谈美学,大米书坊,2015年3月16日
百年大学讲演录,尚玉卿,2015年3月11日
易中天中华史:文明的意志与中华的位置,易中天,2015年3月11日
胡适留学日记（上、下卷）,胡适,2015年3月11日
苦才是人生,索达吉堪布,2015年3月11日
一花一世界:跟季羡林品味生活禅,季羡林,2015年3月11日
了不起的盖茨比,斯科特·菲茨杰拉德(Francis Scott Fitzgerald),2015年3月11日
人生的智慧 (叔本华系列),叔本华(Arthur Schopenhauer),2015年3月11日
上帝之城,奥古斯丁,2015年3月11日
未来边缘,刘慈欣,2015年3月11日
第二十二条军规 (纪念版),约瑟夫·海勒,2015年3月11日
浮生六记,(清)沈复,2015年3月11日
乖，摸摸头 (博集畅销文学系列),大冰,2015年3月11日
理想国,柏拉图,2015年3月11日
莎乐美(外研社双语读库) (译文双语) (English Edition),(英)奥斯卡·王尔德(Oscar Wilde),2015年3月11日
复活(插图本),列夫·托尔斯泰(Tolstoy.L.N.),2015年3月11日
莎士比亚悲剧集 (世纪文学经典),威廉•莎士比亚 (William Shakespeare),2015年3月11日
各自的朝圣路 (周国平经典作品),周国平,2015年3月11日
丧钟为谁而鸣(海明威的二战记忆) (博集历史典藏馆),海明威 (Ernest Hemingway),2015年3月11日
傲慢与偏见 (经典译林),简·奥斯丁,2015年3月11日
安娜卡列尼娜(套装共2册) (世界文学文库) (新版百部世界文学文库),列夫·托尔斯泰(Tolstoy.L.N.),2015年3月11日
雅各布的房间(外研社双语读库) (English Edition),[英] 弗吉尼亚·伍尔夫（Virginia Woolf）,2015年3月11日
罗亭(外研社双语读库) (世界文学文库) (English Edition),[俄] 屠格涅夫（Ivan Turgenev）,2015年3月11日
一个自己的房间(外研社双语读库) (English Edition),[英] 弗吉尼亚·伍尔夫（Virginia Woolf）,2015年2月11日
Monday or Tuesday (免费公版书) (English Edition),Virginia Woolf,2015年2月11日
达洛卫夫人 (译文名著精选),弗吉尼亚·伍尔夫(Virginia Woolf),2015年2月11日
凡尔纳科幻经典(插图版•全译本)(套装共11册),儒勒•凡尔纳,2015年2月11日
朱自清散文 ,朱自清,2015年2月11日
孙子兵法,孙武,2015年2月11日
藏地密码1(读客熊猫君出品，一部关于西藏的百科全书式小说！）,何马,2015年2月11日
知乎周刊·读万里书（总第054期）,知乎,2015年2月11日
鲁迅经典作品读本：小说卷,陈漱渝,2015年2月11日
鲁迅经典作品读本：杂文卷,陈漱渝,2015年2月11日
无形的来客、盲人、七公主、青鸟——诺贝尔文学奖文集,（比）梅特林克 著，李斯 等译,2015年2月11日
风雨依旧 (法国当代经典戏剧名作系列),(法)恩佐·高尔曼,2015年2月11日
爱情评说 (法国当代经典戏剧名作系列),让-玛丽·贝塞(Jean-Marie Besset),2015年2月11日
北大哲学课,张笑恒,2015年2月11日
陶晶孙散文戏剧作品集,陶晶孙,2015年2月11日
人的艺术:戏剧 (宁波学术文库),陈建娜,2015年2月11日
戏剧艺术原理,施旭升,2015年2月11日
Kindle TOP 100 人气小说（第一期）,Kindle 中国,2015年2月10日
旧制度与大革命（史学珍珠 权威全译本，了解法国大革命必读书）,亚历西斯•德•托克维尔,2015年2月10日
《科学松鼠会-Kindle精选》第20期（2014年12月）,科学松鼠会,2015年2月10日
知乎周刊·苦乐咖啡（总第 066 期）,知乎,2015年2月10日
知乎周刊・家宴（春节特辑）,知乎,2015年2月10日
2014：知乎日报年度回顾 (知乎周刊),知乎,2015年2月10日
中国话剧研究(第12辑),田本相,2015年1月7日
Le petit chose (免费公版书) (French Edition),Alphonse Daudet,2015年1月1日
社会学教程(简明版) (21世纪社会学系列教材),王思斌,2014年12月20日
现代社会想象 (人文与社会译丛),[加拿大]查尔斯·泰勒,2014年12月20日
绿皮火车 (铁葫芦•文艺馆),周云蓬,2014年12月11日
因为孤独的缘故,蒋勋,2014年12月11日
柔软 (廖一梅剧作集),廖一梅,2014年12月11日
读书 月刊 2014年04期,读书,2014年12月9日
读书 月刊 2014年02期,读书,2014年12月9日
中小学生必读丛书:雷雨 (中小学生新课标必读丛书),曹禺,2014年12月7日
Hedda Gabler (海达·高布乐) (免费公版书) (English Edition),Henrik Ibsen,2014年12月7日
The Beautiful and Damned (免费公版书) (English Edition),F. Scott (Francis Scott) Fitzgerald,2014年9月17日
中国近代史 (世纪文库),蒋廷黻,2014年9月16日
话剧艺术（上）,邢春如 编著,2014年9月14日
茶馆·龙须沟 (中国现代话剧经典丛书),老舍,2014年9月14日
宋之的话剧,宋之的,2014年9月14日
"西方社会思想史(第3版) (普通高等教育“十一五”国家级规划教材,复旦博学·社会学系列)",于海,2014年9月12日
黑眼睛看世界:一个民主小贩眼里的世界,杨恒均,2014年9月12日
伟大的思想(第二辑)与孤独为伍,弗里德里希尼采 著,2014年9月12日
公民的诞生:美国公民培养读本 (西方原版教材之文史经典),威廉•F•马克威克,2014年9月11日
你一定爱读的极简欧洲史（简约不简单的“最短”欧洲史，任志强、钱理群、钱文忠、公孙策联合推荐！）,约翰•赫斯特(John Hirst),2014年9月11日
由我而史 谁来书写小草的历史？（历史嘉年华2013年度特刊） (我们的历史),张思之,2014年9月11日
我想重新解释历史:吴思访谈录,吴思,2014年9月10日
一年之痒,张鸣,2014年9月10日
论美国的民主（傅雷翻译奖获奖作品） (译林人文精选),阿列克西•德•托克维尔 (Tocqueville A.),2014年9月10日
罗生门（经典悬疑电影原著，对人性的深刻拷问） (经典译林),芥川龙之介,2014年9月10日
博弈论的诡计 (MBook随身读),宿春君,2014年9月9日
旧制度与大革命 (重读经典),亚力克西·德·托克维尔,2014年9月9日
人生与学问,金克木,2014年9月9日
巴黎圣母院(插图本) (新版百部世界文学文库),雨果(Hugo.V.),2014年9月9日
战争与和平(套装共2册) (世界文学文库) (新版百部世界文学文库),列夫·托尔斯泰(Tolstoy.L.N.),2014年9月9日
包法利夫人(译文名著精选),居斯达夫·福楼拜(Gustave Flaubert),2014年9月9日
简书周刊027,简书,2014年9月7日
AWS迷你书：设计模式、高可用性、高弹性、运维、监控与自动化,InfoQ中文站,2014年9月7日
《新京报》书评周刊2014年8月16日,《新京报》书评周刊,2014年9月7日
《新京报》书评周刊2014年8月23日,《新京报》书评周刊,2014年9月7日
《让子弹飞》导演姜文——《收获》经典访谈专栏《一个人的电影》（收获文丛）,收获，姜文，周黎明,2014年9月7日
中国最美传世诗词 (书立方系列·品读经典),《书立方》编委会,2014年9月7日
名车标志和识别,陈新亚,2014年9月7日
知乎周刊·真的睡不着啊！（总第050期）,知乎,2014年9月6日
爱范儿·精选（第18期）,爱范儿 著,2014年9月6日
堂吉诃德(少儿版)  (世界文学名著宝库),塞万提斯,2014年9月6日
父与子(全集)(纪念珍藏版),卜劳恩(E.O.Plauen),2014年9月4日
阅读大师系列套装（共3本）,马原,2014年9月3日
每天学一点管理·文学·哲学（套装共3册）,何柯,2014年9月3日
杨显惠命运三部曲（套装共3本）（夹边沟记事+定西孤儿院+甘南纪事）,杨显惠,2014年9月3日
迎头撞上心理学,李抗,2014年9月2日
我的大学：知乎徐腾飞自选集 (知乎「盐」系列),徐腾飞,2014年9月2日
梦的解析 (经典通读第2辑),弗洛伊德,2014年9月2日
马尔克斯的一生,杰拉德·马丁,2014年9月2日
历史哲学 (经典通读),黑格尔,2014年9月2日
法哲学原理,黑格尔,2014年9月2日
出梁庄记,梁鸿,2014年9月2日
一个女子恋爱的时候,邹韬奋,2014年9月2日
一个瑜伽行者的自传（全球热卖 乔布斯天天在看的书！20世纪“100部改变人类的灵性经典之一！”荣登1997年《洛杉矶时报》畅销书排行榜！先后被翻译成19种语言，全球畅销上百万册！） (瑜伽 灵修系列),帕拉宏撒•尤迦南达,2014年9月2日
Common Sense (常识) (免费公版书) (English Edition),Thomas Paine,2014年9月2日
An Inquiry into the Nature and Causes of the Wealth of Nations (免费公版书) (English Edition),Adam Smith,2014年9月2日
李尔王,(英)莎士比亚,2014年9月2日
阿Q正传,鲁迅,2014年9月2日
容忍比自由更重要 (胡适文学系列),胡适,2014年9月2日
最三国系列（1-3套装）,范军,2014年9月2日
Europe: 40 Amazing Experiences (English Edition),Lonely Planet,2014年9月2日
重说中国近代史,张鸣,2014年9月2日
从美国看到世界,斯特勒彻（John Strachey）,2014年9月2日
说佛（下）,李叔同,2014年9月2日
我所认识的蒋介石,冯玉祥,2014年9月2日
The Adventures of Sherlock Holmes (福尔摩斯探案集) (免费公版书) (English Edition),Arthur Conan Doyle,2014年9月2日
A Short History of the World (世界简史) (免费公版书) (English Edition),H. G. (Herbert George) Wells,2014年9月2日
李鸿章传 (名人名传系列),梁启超,2014年9月2日
职业心理学,邹韬奋,2014年9月2日
经济与社会 (经典通读),韦伯,2014年9月2日
动物庄园·1984（不含纸书附录）,奥威尔(Orwell G.),2014年9月2日
务虚笔记,史铁生,2014年9月2日
卡尔·威特的教育,威特,2014年9月2日
人性论 (经典通读),休谟,2014年9月2日
经典短篇小说101篇(英文原版) (西方经典英文读物 Book 1) (English Edition),欧·亨利,2014年9月2日
自卑与超越,阿尔弗雷德·阿德勒,2014年9月2日
西方哲学简史,伯特兰·罗素,2014年9月2日
梦的解析,西格蒙德·弗洛伊德,2014年9月2日
精神分析引论 (西方经典悦读),弗洛伊德,2014年9月2日
洛克菲勒留给儿子的38封信,洛克菲勒,2014年9月2日
城南旧事(百年百部中国儿童文学经典书系),林海音,2014年9月2日
生命的奥秘,秦李桃,2014年9月2日
羊脂球 (世界文学名著宝库),莫泊桑,2014年9月2日
《利维坦》--节选版（论人类和论国家）,霍布斯,2014年9月2日
漂泊者萧红,林贤治,2014年9月2日
旷野的呼喊,萧红,2014年9月2日
生死场,萧红,2014年9月2日
呼兰河传 (典藏•萧红),萧红,2014年9月2日
致陆小曼,徐志摩,2014年9月2日
哲学家们都干了些什么?,林欣浩,2014年9月2日
巴黎圣母院(译文名著精选),雨果(Victor Hugo),2014年9月1日
明心书坊·踏进这扇门 心理咨询师初阶成长,严文华,2014年9月1日
心理画外音:跨越10年的心理咨询个案 (明心书坊),严文华,2014年9月1日
人生之路如何走过:叔本华随笔,亚瑟·叔本华,2014年9月1日
盗梦工厂·译言古登堡计划,[美]赛斯·高汀（Seth Godin）,2014年8月30日
人间词话 (中外文学名著典藏系列),王国维,2014年8月24日
人间词话,王国维,2014年8月24日
一个独立教师的语文之旅（十七载教出真语文，傅国涌、蔡朝阳、北熹鼎力推荐！）,郭初阳,2014年8月21日
中国通史 (博集历史典藏馆),吕思勉,2014年8月21日
当我足够好，才会遇见你 (博集成功法则系列),Lydia,2014年8月21日
卡夫卡文集(套装共4册),弗兰茨·卡夫卡(Franz Kafka),2014年8月21日
就想开间小小咖啡馆（精编图文版）,王森,2014年8月21日
胡适戏剧——终身大事,胡适,2014年8月20日
睡美人之歌,胡适,2014年8月20日
弃父行,胡适,2014年8月20日
胡适小说——一个问题,胡适,2014年8月20日
努力歌,胡适,2014年8月20日
胡适文论（下）,胡适,2014年8月20日
胡适书信作品集（上）,胡适,2014年8月20日
白话文学史 (中国近现代文化思想学术文丛),胡适,2014年8月20日
胡适游记,胡适,2014年8月20日
不朽,胡适,2014年8月20日
胡适文论（上）,胡适,2014年8月20日
胡说,胡适,2014年8月20日
香港凤凰周刊·朝鲜病人,凤凰周刊,2014年8月9日
我们台湾这些年（百万畅销书！轰动两岸！讲述30年来台湾现代化进程中的大事件和小八卦！）,廖信忠,2014年8月9日
终极流亡：亡命天涯的国家元首 (“领导者”系列),李涛,2014年8月9日
笑忘书（王朔整理、主编、作序） (梁左作品集),梁左,2014年8月9日
牛棚杂忆(季羡林作品珍藏本)(图文版),季羡林,2014年8月9日
边城 (沈从文集) (新版百部世界文学文库),沈从文,2014年8月9日
话语操纵术 (话语操纵术系列),凯伦•伯格,2014年8月9日
一个人与这个时代 (华语名主持人丛书),邹煜,2014年8月9日
妈阁是座城（严歌苓最新长篇小说，讲述一个让人感叹唏嘘的赌场故事）,严歌苓,2014年8月9日
当我们谈论爱情时我们在谈论什么 (卡佛作品),雷蒙德·卡佛,2014年8月9日
你永远都无法叫醒一个装睡的人（第八届文津图书奖推荐书目）（韩寒、崔卫平、梁文道、刘苏里鼎力推荐）,周濂,2014年8月9日
1980年代的爱情 (博集畅销文学系列),野夫,2014年8月9日
Is Life Worth Living? (免费公版书) (English Edition),W. H. (William Hurrell) Mallock,2014年8月3日
上流女孩当如是 (单向街·书),困困,2014年7月20日
中国人为什么看不起中国人,张鸣,2014年7月20日
架构师2014年2月： 云计算的三个层面,InfoQ中文站,2014年2月28日
介绍我自己的思想,胡适,2014年2月28日
宋词三百首 (国学经典),朱孝臧,2014年2月28日
茶经,【唐】陆羽,2014年2月28日
知乎周刊・无基础健身,知乎,2014年2月28日
基金长青：讲述华夏基金15周年（中信金融前沿）,范勇宏,2013年12月6日
说佛（上）,李叔同,2013年12月6日
南腔北调集,鲁迅,2013年12月5日
野草,鲁迅,2013年12月5日
鲁迅杂文精选,鲁迅,2013年12月5日
坟 (鲁迅自编文集),鲁迅,2013年12月5日
而已集,鲁迅,2013年12月5日
伤逝,鲁迅,2013年12月3日
郁达夫小说全集（1）,郁达夫,2013年12月3日
穷游锦囊：巴塞罗那,穷游网,2013年12月3日
《新京报》书评周刊2013年11月02日,《新京报》书评周刊,2013年11月26日
欧游散记,王统照,2013年11月26日
The Devil's Dictionary (魔鬼辞典) (免费公版书) (English Edition),Ambrose Bierce,2013年11月26日
Alice's Adventures in Wonderland HTML Edition (免费公版书) (English Edition),Lewis Carroll,2013年11月26日
Swann's Way (免费公版书) (English Edition),Marcel Proust,2013年11月26日
Moon and Sixpence (免费公版书) (English Edition),W. Somerset (William Somerset) Maugham,2013年11月26日
How to Speak and Write Correctly (免费公版书) (English Edition),Joseph Devlin,2013年11月26日
On Liberty (论自由 ) (免费公版书) (English Edition),John Stuart Mill,2013年11月26日
菜根谭,洪应明,2013年11月26日
Pride and Prejudice (免费公版书) (English Edition),Jane Austen,2013年11月26日
唐诗三百首·宋词三百首·元曲三百首,蘅塘退士,2013年6月23日
世说新语 (中华经典藏书),刘义庆,2013年6月23日
曾文正公全集,曾国藩,2013年6月23日
诗经,佚名,2013年6月23日
A Doll's House (免费公版书) (English Edition),Henrik Ibsen,2014年12月7日
读书 月刊 2014年10期,读书,2014年12月7日
读书 月刊 2014年11期,读书,2014年12月7日
有闲阶级论 (西方经典悦读),凡勃伦,2014年12月7日
三联生活周刊•牛市的可能性（2014年35期）,三联生活周刊,2014年12月7日
北大微讲堂：“文学”如何“教育”,陈平原,2014年12月6日
比较文学与比较文化十讲,乐黛云,2014年12月6日
诺贝尔文学奖作品典藏书系：人生的意义与价值,R.奥伊肯,2014年12月6日
丰富的痛苦:堂吉诃德与哈姆雷特的东移 (文学史研究丛书),钱理群,2014年12月6日
现代中国小说十讲:名家专题精讲,王德威,2014年12月6日
马克·吐温短篇小说精选 (世界文学名著宝库),马克·吐温,2014年12月6日
战争就是这么回事儿：袁腾飞讲战争史（套装共3册） (博集历史典藏馆),袁腾飞,2014年12月6日
病隙碎笔(修订版) (博集文学典藏系列),史铁生,2014年12月6日
叔本华:意志和表象的世界,叔本华,2014年12月6日
常识,梁文道,2014年12月6日
香港凤凰周刊 大陆环境污染报告书：空气、土壤和水,凤凰周刊,2014年12月6日
檀香刑,莫言,2014年12月6日
生死疲劳,莫言,2014年12月6日
乌合之众：大众心理研究（理想国）,古斯塔夫·勒庞(Gustave Le Bon),2014年12月6日
一个人的朝圣 (大鱼读品系列),蕾秋·乔伊斯(Rachel Joyce),2014年12月6日
我的故乡在八十年代,《新周刊》杂志,2014年12月6日
观念的水位,刘瑜,2014年12月6日
梦的解析 (国民阅读经典),西格蒙德·弗洛伊德,2014年12月6日
金陵十三钗:长篇小说,严歌苓,2014年12月6日
小姨多鹤 (严歌苓作品集),严歌苓,2014年12月6日
蛙 (诺贝尔文学奖获得者莫言作品系列),莫言,2014年12月6日
陆犯焉识（张艺谋新作《归来》原著小说）,严歌苓,2014年12月6日
不曾走过，怎会懂得,安娜·昆德兰 (Anna Quindlen),2014年12月6日
悟空传(完美纪念版),今何在,2014年12月6日
右派国家：美国为什么独一无二（精编图文版） (托克维尔译丛),约翰•米克尔思韦特,2014年12月6日
耶鲁大学公开课：死亡,谢利·卡根(Shelly Kagan),2014年12月6日
黄金时代 (先锋文库),王小波,2014年12月6日
送你一颗子弹（央视《朗读者》刘瑜作品）,刘瑜,2014年12月6日
穆斯林的葬礼,霍达,2014年12月6日
远大前程 (译文名著精选),查尔斯·狄更斯(Charles Dickens),2014年12月6日
卡门(外研社双语读库) (大师坊) (English Edition),[法] 梅里美（Prosper Mérimée）,2014年12月6日
茶馆•龙须沟 (中外文学名著典藏系列),老舍,2014年11月25日
老舍经典作品集:骆驼祥子•二马 (现代文库),老舍,2014年11月25日
十夜之梦:夏目漱石随笔集,夏目漱石,2014年11月25日
季羡林散文集:忆往述怀,季羡林,2014年11月25日
堂吉诃德(套装上下册) (译文名著精选),米盖尔·德·塞万提斯 (Miguel de Cervantes),2014年11月25日
村上春树.猫 (异文馆-经典译文系列),（日）铃村和成 著,2014年11月22日
红楼梦 (古典名著普及文库),曹雪芹,2014年11月13日
西厢记 (语文新课标必读丛书),王实甫,2014年11月13日
桃花扇 (中国古典四大名剧),孔尚任,2014年11月13日
长生殿,洪升,2014年11月13日
桃花扇,孔尚任,2014年11月13日
连城璧,李渔,2014年11月13日
女诫,班昭,2014年11月13日
死水,闻一多,2014年11月13日
关汉卿戏曲集,关汉卿,2014年11月13日
屈原集,屈原,2014年11月13日
孽海花(上),曾朴,2014年11月13日
莺莺传,元稹,2014年11月13日
赵氏孤儿,（元）纪君祥,2014年11月13日
梁山伯与祝英台,佚名,2014年11月13日
窦娥冤,关汉卿,2014年11月13日
中国文学研究·戏曲篇（上）,郑振铎,2014年11月13日
中国文学研究·戏曲篇（下）,郑振铎,2014年11月13日
郁达夫翻译作品集（上）,郁达夫,2014年11月13日
郁达夫翻译作品集（下）,郁达夫,2014年11月13日
红楼梦评论 (博库丛刊),王国维,2014年11月13日
中国文学研究·词曲篇,郑振铎,2014年11月13日
哈姆莱特 (名著名译),(英)莎士比亚,2014年11月13日
麦克白 (朱生豪译文卷),(英)莎士比亚,2014年11月13日
温莎的风流娘儿们 (新青年文库•莎士比亚戏剧朱生豪原译本全集),(英)莎士比亚,2014年11月13日
旧小说·汉魏异怪志（传记篇）上,干宝,2014年11月13日
无事生非 (名作名译),(英)莎士比亚,2014年11月13日
诺贝尔文学奖获奖作家短篇小说精品 (诺贝尔文学奖获奖作家精品集),毛信德,2014年11月13日
三个火枪手 (世界文学名著宝库),大仲马,2014年11月13日
把信送给加西亚,哈伯德,2014年11月13日
奥瑟罗 (莎士比亚剧本插图珍藏本),(英)莎士比亚,2014年11月13日
单向度的人：发达工业社会意识形态研究 (译文社科),赫伯特·马尔库塞(Herbert Marcuse),2014年11月3日
欧亨利短篇小说选集(中英对照全译本) (上海世图•名著典藏),欧•亨利 (Henry.O.),2014年10月31日
"请你安静些,好吗? (卡佛作品)",雷蒙德•卡佛,2014年10月31日
52周记忆魔法实战手册 (多米尼克系列),多米尼克•奥布莱恩,2014年10月29日
我最想要的记忆魔法书 (多米尼克系列),多米尼克•奥布莱恩,2014年10月29日
每个人的故乡都在沦陷 (中国故事),陈忠实,2014年10月29日
祖国的陌生人 (文化中国系列丛书),许知远,2014年10月29日
最想去的时代 (中国故事),沈昌文,2014年10月29日
名人传 (语文新课标必读丛书),罗曼·罗兰,2014年10月29日
漫步遐思录,卢梭,2014年10月29日
八十年代的诗意 (中国故事),张颐武,2014年10月29日
鬼话连篇 (想想·简书小说),空肚皮,2014年10月29日
温暖•爱 (《读者》签约作者十年精品典藏),李杰 编,2014年10月29日
锐读 （第2期·悬疑新主张） (锐读系列),新青年期刊出版总社,2014年10月29日
《汤圆爱看》第一期,《汤圆》网络杂志社,2014年10月29日
《汤圆爱看》第五期,《汤圆》网络杂志社,2014年10月29日
想想·1410,简书,2014年10月29日
知乎圆桌·香港电影浮沉录,知乎,2014年10月29日
迻译与回响：一生必读的100种译林人文经典 (人文与社会译丛),译林出版社,2014年10月29日
你其实不懂心理学,海波,2014年10月29日
纯色,简书,2014年10月29日
简书周刊023,简书,2014年10月29日
简书周刊032,简书,2014年10月29日
想想·1409,简书,2014年10月29日
简书周刊033,简书,2014年10月29日
新精英（第5期）：毕业去哪儿？ (博集成功法则系列),古典,2014年10月29日
简书周刊026,简书,2014年10月29日
简书周刊001,简书,2014年10月29日
不必读书目,刀尔登,2014年10月27日
七日谈 (汉唐阳光文化文学类),刀尔登,2014年10月27日
飘(套装上下册) (经典译林),玛格丽特·米切尔(Margaret Mitchell),2014年10月27日
四季便当（精选本+非全本）,〔日〕吉井忍,2014年10月26日
卡拉马佐夫兄弟(套装上下册) (译文名著精选),费多尔·陀思妥耶夫斯基(Fyodor Dostoevsky),2014年10月26日
成为作家（创意写作书系）（作家可以“教”出来）,多萝西娅·布兰德(Dorothea Brande),2014年10月18日
慢慢来，一切都来得及,meiya,2014年10月12日
希特勒 (国外名人传记丛书),池昕鸿 编著,2014年10月7日
最后一百天：希特勒第三帝国覆亡记,[美]托兰（Toland，J.）,2014年10月7日
名利场 (世界文学名著宝库),萨克雷,2014年10月7日
局外人（加缪作品精装版）,阿尔贝·加缪(Albert Camus),2014年10月7日
动物农场 (译文经典),乔治·奥威尔(George Orwell),2014年10月7日
安娜·卡列尼娜 (译文名著精选),列夫·托尔斯泰(Leo Tolstoy),2014年10月7日
物种起源 (科学素养文库·科学元典丛书),达尔文,2014年10月7日
牛津通识读本：尼采(中文版),迈克尔•坦纳 (Tanner M.),2014年10月7日
人间草木,汪曾祺,2014年10月7日
双城记 (译文名著精选),狄更斯,2014年10月7日
变形记:卡夫卡中短篇小说集(译文名著精选),弗兰茨·卡夫卡 (Franz Kafka),2014年10月7日
红与黑（中国的祁同伟，法国的于连，野心家的心路历程） (译文名著精选),司汤达(Stendhal),2014年10月6日
活着不是给别人看的（文字版）,廖之坤,2014年10月6日
人类群星闪耀时 (译林名著精选),斯蒂芬·茨威格,2014年10月5日
一个陌生女人的来信 (译美文),斯蒂芬•茨威格,2014年10月5日
看懂世界格局的第一本书,王伟,2014年10月5日
中小学生必读丛书:康桥之恋 (中小学生新课标必读丛书),徐志摩,2014年10月4日
中小学生必读丛书:自由人生 (中小学生新课标必读丛书),胡适,2014年10月4日
浮生六记 (BookDNA典藏书系),沈复,2014年10月4日
民国语文 (究竟文库),胡适,2014年10月4日
飞鸟集•新月集(权威中英双语插图典藏版) (成长必读系列 14),罗宾德拉纳特·泰戈尔 (Tagore Rabindranath),2014年10月4日
Stray Birds (免费公版书) (English Edition),Rabindranath Tagore,2014年10月4日
Gitanjali (吉檀迦利) (免费公版书) (English Edition),Rabindranath Tagore,2014年10月4日
迟桂花,郁达夫,2014年10月4日
春风沉醉的晚上,郁达夫,2014年10月4日
翡冷翠的一夜 (先知现代经典),徐志摩,2014年10月4日
文章例话:叶圣陶的二十七堂作文课,叶圣陶,2014年10月4日
猛虎集,徐志摩,2014年10月4日
落叶,徐志摩,2014年10月4日
巴黎的鳞爪 (再读徐志摩),徐志摩,2014年10月4日
云游,徐志摩,2014年10月4日
自剖文集,徐志摩,2014年10月4日
徐志摩外国文学研究,徐志摩,2014年10月4日
轮盘小说集,徐志摩,2014年10月4日
徐志摩小说选,徐志摩,2014年10月4日
最好不相见:仓央嘉措的诗与情 (弘文馆·漫漫古典情),傅林,2014年10月3日
人间词话 (珍藏版家藏四库),王国维,2014年10月2日
浮生若梦,林语堂,2014年10月2日
此去经年，谁许我一纸繁华 (民国大师经典书系),胡适,2014年10月2日
苏东坡传 (林语堂文集),林语堂,2014年10月2日
旧时的盛宴,李叔同,2014年10月2日
生活之艺术 (文学馆·小经典),周作人,2014年10月2日
笙歌唱尽，阑珊处孤独向晚 (民国大师经典书系),朱自清,2014年10月2日
陌上谁人依旧，固守流年 (民国大师经典书系),梁实秋,2014年10月2日
逻辑学(第2版)（简明扼要的逻辑入门指南，轻松改变思维方式） (21世纪哲学系列教材),人大哲学院逻辑学教研室,2014年10月2日
流动的盛宴(外研社双语读库) (English Edition),[美] 海明威（Ernest Hemingway）,2014年10月2日
玻璃球游戏 (译文名著精选),赫尔曼·黑塞(Hermann Hesse),2014年9月30日
少女小渔 (严歌苓作品集),严歌苓,2014年9月30日
永不言败,俞敏洪,2014年9月30日
烘焙是个甜蜜的坑,月满西楼,2014年9月30日
我知道你不知道的自己在想什么（果壳丛书，向伪心理学说“不”！） (蓝狮子·果壳阅读视界),果壳,2014年9月30日
背包十年:我的职业是旅行（精编图文版） (你我皆行者系列丛书),小鹏,2014年9月30日
忐忑的中国人,梁晓声,2014年9月30日
罪与罚(译文名著精选),费多尔·陀思妥耶夫斯基(Fyodor Dostoevsky),2014年9月30日
傲慢与偏见 (奥斯丁文集经典插图本系列),简·奥斯丁(Jane Austen),2014年9月29日
罗伯特罗素作品集(纽伯瑞儿童文学奖作品)(插图版)(套装共8册),罗伯特•罗素 (Robert Lawson),2014年9月29日
猫力乱步,猫力,2014年9月29日
Liza of Lambeth (免费公版书) (English Edition),W. Somerset (William Somerset) Maugham,2014年9月28日
The Hero (免费公版书) (English Edition),W. Somerset (William Somerset) Maugham,2014年9月28日
李清照集,李清照,2014年9月27日
苏轼集,苏轼,2014年9月27日
李叔同讲演,李叔同,2014年9月27日
李叔同传记作品集,李叔同,2014年9月27日
想想·2013年的十个好想法,简书,2014年9月27日
第十二夜 (莎士比亚剧本插图珍藏本),(英)莎士比亚,2014年9月27日
罗密欧与朱丽叶 (名著名译插图本),(英)莎士比亚,2014年9月27日
皆大欢喜 (朱生豪译文卷),(英)莎士比亚,2014年9月27日
李叔同杂著,李叔同,2014年9月27日
人格的启示,王统照,2014年9月27日
文学的美,朱自清,2014年9月27日
雅思词汇词根+联想记忆法（乱序便携版）▪ 新东方绿宝书系列,俞敏洪,2014年9月27日
一位美国人嫁与一位中国人的自述,邹韬奋,2014年9月27日
中国小说史略,鲁迅,2014年9月27日
夜风,萧红,2014年9月27日
家庭的故事 (Traditional_chinese Edition),郑振铎,2014年9月27日
The Life and Adventures of Robinson Crusoe (1808) (免费公版书) (English Edition),Daniel Defoe,2014年9月27日
Of Human Bondage (免费公版书) (English Edition),W. Somerset (William Somerset) Maugham,2014年9月27日
我讲个笑话，你可别哭啊,囧叔,2014年9月27日
红高粱 (中篇小说金库),莫言,2014年9月27日
生死疲劳,莫言,2014年9月27日
浮士德 (译文名著精选),J.W.歌德 (J.W.Goethe),2014年9月22日
沉默的大多数 (王小波集),王小波,2014年9月18日
罪与罚 (译林经典),费·陀思妥耶夫斯基,2014年9月18日
被侮辱与被损害的人 (经典译林),费·陀思妥耶夫斯基,2014年9月18日
席慕蓉散文 (名家名作精选),席慕蓉,2014年9月18日
市民底层笔记 （陈丹燕诚挚推荐，出身银行世家，安徽大学毕业，“内部反革命”教师27年无法遗忘的历史记忆） (小人物•大历史),张礼士,2014年9月18日
在耶鲁听演讲,小     克,2014年9月18日
乌合之众 (社会学经典名著),古斯塔夫·勒庞 (Gustave Le Bon),2014年9月18日
情人 (玛格丽特·杜拉斯作品系列),玛格丽特·杜拉斯(Marguerite Duras),2014年9月18日
人与永恒,周国平,2014年9月18日
林徽因诗文集,林徽因,2014年9月18日
Tales of the Jazz Age (免费公版书) (English Edition),F. Scott (Francis Scott) Fitzgerald,2014年9月17日
This Side of Paradise (免费公版书) (English Edition),F. Scott (Francis Scott) Fitzgerald,2014年9月17日
雪球专刊087期——成长股投资秘籍,雪球用户,2018年12月8日
七堂课穿越牛熊 (雪球「岛」系列),民工君,2018年12月8日
雪球专刊207期——2018雪球嘉年华,雪球用户,2018年12月8日
雪球专刊195期——白酒股投资攻略,雪球用户,2018年12月8日
给业余投资者的10条军规 (雪球「岛」系列),闲来一坐s话投资,2018年12月8日
雪球专刊193期——医药股投资指南,雪球用户,2018年12月8日
雪球专刊201期——熊市生存指南,雪球用户,2018年12月8日
雪球专刊2018国庆特辑：一封理财家书,雪球用户,2018年12月8日
雪球专刊204期——我与A股的故事,雪球用户,2018年12月8日
买入大牛股的9个关键 (雪球「岛」系列),小权,2018年12月7日
一个小散的23年股海搏击：从5000元到9000万,93作手,2018年12月7日
捕鼠器 (阿加莎·克里斯蒂剧作系列),阿加莎·克里斯蒂(Agatha Christie),2018年12月7日
KDJ指标入门与实战精解,刘振清,2018年11月28日
短线追涨与低吸技术:起涨点主力行为分析 (理财学院),金铁,2018年11月28日
A交易系统久赢真经 (理财学院•A交易系统系列),黄根,2018年11月28日
黑马波段操盘术（全彩升级版精排）,凌波,2018年11月28日
图解庄家手段:揭秘坐庄38个手段、教你轻松跟庄获利,麻道明,2018年11月28日
背离技术分析 (理财学院),江南小隐,2018年11月25日
知乎周刊·带你去听古典音乐会（总第 105 期）,知乎,2018年11月24日
小白投资美股指南 (雪球「岛」系列),徐佳杰Pierre,2018年10月28日
雪球专刊196期——2018美股投资必读,雪球用户,2018年10月28日
北宋名家词选讲 (迦陵讲演集),叶嘉莹,2018年10月27日
美国种族简史,托马斯·索威尔,2018年10月27日
看盘方法与技巧一本通（股市操盘手首度出书教你学操盘，私家分享股票技术分析成果，大量实例手把手教你学会解读盘口）,老牛,2018年10月17日
如何看懂分时图 (理财学院),江南小隐,2018年10月17日
量价精研,邢孝寒,2018年10月17日
如何看懂技术指标,麻道明,2018年10月17日
短线交易秘诀（原书第2版） (华章经典·金融投资系列),拉里•威廉斯(Larry Williams),2018年10月17日
炒股就这两招,梁清波,2018年10月17日
趋势与拐点交易法,戈岩,2018年10月13日
均线技术分析 (理财学院趋势交易技术系列),邱立波,2018年10月13日
振荡指标MACD：波段操作精解（升级版）,凌波,2018年10月13日
K线阴线战法,麻道明,2018年10月13日
一本书看透股市庄家 (擒住大牛),曹明成，谭文,2018年10月13日
顺势而为：道氏理论趋势指标交易系统 (理财学院炒股大智慧系列),时空老人,2018年10月13日
趋势交易实战技术系列:K线技术分析,邱立波,2018年10月13日
艾略特波浪理论：研判股市底部与顶部的有效工具(全新版),拉尔夫·N·艾略特,2018年10月13日
K线阳线战法,麻道明,2018年10月13日
概率游戏：像操盘手那样做股票（升级版）,凌波,2018年10月13日
雪球专刊108期——玩转量化投资,雪球用户,2018年10月13日
财务管理分析工具从入门到精通,李旭,2018年10月11日
股票作手回忆录（有史以来最重要的财经图书之一） (给散户支招系列),爱德温·李费佛,2018年10月11日
投机的艺术 (全球证券投资经典译丛),菲利普·Ｌ·凯瑞特,2018年10月11日
如何从商品期货交易中获利 (全球证券投资经典译丛),威廉·Ｄ·江恩,2018年10月11日
投资生存之战 (全球证券投资经典译丛),吉拉尔德·勒伯,2018年10月11日
股票行情的真谛 (全球证券投资经典译丛),威廉·Ｄ·江恩,2018年10月11日
股经走出幻觉 走向成熟:从学生股民到系统交易专家,金融帝国,2018年10月11日
邓普顿教你逆向投资：牛市和熊市都稳赚的长赢投资法（精编图文版） (国海富兰克林基金丛书),(美)Lauren C. Templeton,2018年10月11日
股票投机原理 (全球证券投资经典译丛),萨谬尔·A·尼尔森,2018年10月11日
股市趋势技术分析圣经:《证劵分析》作者本杰明格雷厄姆盛赞并推荐必读的投资经典 (全球证券投资经典译丛),（美）理查德•W•夏巴克,2018年10月11日
波浪理论经典 (全球证券投资经典译丛),拉尔夫·Ｎ·艾略特,2018年10月11日
十年一梦:一个操盘手的自白(修订版),青泽,2018年10月11日
道氏理论 (全球证券投资经典译丛),罗伯特·雷亚,2018年10月11日
股票大作手回忆录(修订版),埃德温•勒菲弗 (Edwin Lefèvre),2018年10月11日
一本书读懂财务报表:财务报表分析从入门到精通（典型案例数据分析：实战、实用、易知、易懂、好看、好读）,文杨,2018年10月11日
K线图快速入门,刘元吉,2018年10月10日
思考致富 (成功大师经典),拿破仑·希尔 (Napoleon hill),2018年10月10日
从零开始学炒股:新手入门、大智慧详解、买卖之道,杨金,2018年10月10日
新手炒短线：从入门到精通 (富家益股市新手系列),张永彬,2018年10月10日
给投资新手的极简股票课 (小白理财),lip师兄,2018年10月10日
"资本,让你看懂世界格局",西瓜子,2018年10月3日
摩托日记,埃内斯托·切·格瓦拉(Che Guevara),2018年10月3日
假性亲密关系,史秀雄,2018年10月3日
设计心理学3（修订版）：情感化设计,Donald A. Norman,2018年10月3日
用经济思维看懂世界格局：“一本真正接地气的财经奇书”，全景呈现大国资本博弈的内幕。,西瓜子,2018年10月3日
艺术的故事(150幅手绘插图，800条精选注解！房龙代表作全译本，绘画、雕塑、建筑、音乐、戏剧等艺术全科知识完美呈现),亨德里克·威廉·房龙,2018年10月3日
股权战争,苏龙飞,2018年10月3日
演员自我修养,斯坦尼斯拉夫斯基,2018年10月3日
谈判力,费希尔,2018年10月3日
赴宴之前:毛姆小说精选集(马尔克斯和村上春树爱读的毛姆，豆瓣9.1高分),毛姆,2018年10月3日
广岛之恋 (玛格丽特·杜拉斯作品系列),玛格丽特·杜拉斯(Marguerite Duras),2018年10月3日
到灯塔去 (伍尔夫文集),弗吉尼亚·伍尔夫(Virginia Woolf),2018年10月3日
湖畔（继白夜行后又一力作，对当代社会与家庭严厉的拷问）,东野圭吾,2018年10月3日
沟通的艺术（立竿见影的谈话、倾听、说服技巧，教你领悟说话的魅力，成为一个情商高、会说话，不输于蔡康永说话之道的人。新鲜有用的沟通技巧，助你好好说话、巧妙回答，不再输在不会表达上）,陈建伟,2018年10月3日
成为“最后一人”(日本一年内重印七次，创造销量佳绩，知名企业人手一册的职业技能学习指南。),川村隆,2018年10月3日
以幽默的方式过一生,琢磨先生,2018年10月3日
交际心理学（89个交际法则，超全面的社交问题“百科全书”，高情商的相处之道，帮你克服社交恐惧症，轻松成为交际达人）,马甲,2018年10月3日
中国在非洲：话语与现实 (非洲研究丛书),严海蓉 (加拿大)沙伯力（Barry Sautman） 著,2018年10月3日
综合日语.第一册(修订版) (21世纪日语系列教材),彭广陆等,2018年9月28日
江村经济 (未名社科•大学经典),费孝通,2018年9月23日
怪诞行为学:可预测的非理性,丹·艾瑞里,2018年9月23日
论犯罪与刑罚,切萨雷·贝卡里亚,2018年9月23日
看穿一切数字的统计学（看穿一切数字背后的真相）（完整图文版）,西内啓,2018年9月23日
魔鬼数学：大数据时代，数学思维的力量,乔丹·艾伦伯格(Jordan Ellenberg),2018年9月23日
上瘾：让用户养成使用习惯的四大产品逻辑,尼尔·埃亚尔,2018年9月23日
地道商务日语会话(第3版),前川智,2018年9月23日
微信公众号深度解析:订阅号+服务号+企业号 三号运营全攻略,魏艳,2018年9月8日
"普通高等教育""十一五""国家级规划教材•综合日语(第2册)(修订版)（不提供光盘内容）",冷丽敏,2018年8月16日
1368个单词就够了,王乐平,2018年8月16日
语言本能 (史蒂芬•平克“语言与人性”四部曲，全美超级畅销书),史蒂芬·平克,2018年7月6日
西班牙语语法一点通,修海燕,2018年7月3日
贪婪的大脑系列共3册（贪婪的大脑、意识与脑、触碰神经）,丹尼尔·博尔(Daniel Bor),2018年6月30日
硬派健身：臀腿训练：知乎斌卡作品 (知乎「一小时」系列),斌卡,2018年6月27日
心流：最优体验心理学,米哈里·契克森米哈赖,2018年6月26日
人的失格(又名“人间失格”）（日汉对照全译本) 世界文学经典珍藏馆系列 (Japanese Edition),太宰治,2018年6月20日
起风了（宫崎骏收山之作原著小说） (Japanese Edition),施小炜,2018年6月20日
机动车驾驶人科目一考试题库全解（第二版）,姚时俊,2018年6月12日
学车考证.一看就懂 (汉竹·健康爱家系列),黄振天,2018年6月12日
日语会话一本通：日常日语口语3000句（终极版）,周宇燕,2018年6月12日
日语口语900句:从入门学习到精通(双速版),石原麻衣,2018年6月12日
那些触动心灵的日语歌曲,新东方日语研究中心,2018年6月12日
跟着日本语文课本学日语:日本人就是这样学母语(附MP3音频下载及二维码随扫随听),王丹丹,2018年6月12日
最新交规与驾照教学考试大纲：附实用问答,中国法制出版社,2018年6月12日
日本人最爱背诵的名篇佳段,蒋云斗,2018年5月31日
新日本语能力测试词汇速记大全,安宁,2018年5月31日
新日本语能力测试词汇速记手册：N5词汇,新东方日语考试研究中心,2018年5月31日
日本语初级语法(第3版),刘文照,2018年5月31日
日语词汇新思维：词源+联想记忆法,安宁,2018年5月31日
日语近义词辨析词典,杨丽荣,2018年5月31日
5周突破新日语能力考试文字词汇N1,李晓东,2018年5月4日
我的第一本日语阅读书(附赠音频),李娇,2018年5月2日
日语语法新思维 (新东方大愚日语学习丛书),安宁,2018年5月2日
新版中日交流标准日本语语法手册:初级,赵文娟,2018年5月2日
知乎周刊・日本有意思（总第 135 期）（知乎周刊 Plus《从零基础到 N2：你相见恨晚的日语学习方法》首周特价中）,知乎,2018年5月2日
最好的告别：关于衰老与死亡，你必须知道的常识 (亚马逊年度好书、《纽约时报》畅销书!),阿图·葛文德,2018年4月29日
凉菜的100种做法 (100种做法系列. 第2辑),犀文图书,2018年4月2日
快乐厨房 微波炉营养食谱 (快乐厨房丛书),犀文图书,2018年4月2日
(谷崎润一郎作品系列),谷崎润一郎(Tanizaki Junichiro),2018年3月23日
阴翳礼赞,[日]谷崎润一郎,2018年3月23日
铃木大拙说禅(“垮掉的一代”的精神导师、荣格与海德格尔推崇的东方之魂，“世界的禅者”与佛教权威铃木大拙影响深远的代表作) (日本艺文酷),铃木大拙,2018年3月20日
知乎周刊・减脂吃什么（总第 142 期）,知乎,2018年3月18日
知乎周刊·增肌塑形指南（总第 106 期）,知乎,2018年3月18日
茨威格文集：全3卷,S.) (奥)茨威格(Zweig,2018年3月17日
莫里哀喜剧六种 (译文名著文库),莫里哀(Molière),2018年3月17日
作家榜经典文库：天真的幽默家(老舍散文经典，饱含对生活的洞察、抚慰人心的纯净智慧，精校精编精排！) (大星文化出品),老舍,2018年3月17日
骆驼祥子 (中国现代长篇小说藏本),老舍,2018年3月17日
四世同堂（全三册）（中小学生必读丛书）,老舍,2018年3月17日
坎特伯雷故事 (译文名著典藏),杰弗利·乔叟(Geoffrey Chaucer),2018年3月17日
悲惨世界：全2册,(法)雨果,2018年3月17日
细雪 (译文名著精选),谷崎润一郎(Tanizaki Junichiro),2018年3月17日
大师和玛格丽特(译文名著精选),米·布尔加科夫 (M.Bulgakov),2018年3月17日
名利场(套装上下册) (译文名著精选),W.M.萨克雷 (W.M.Thackeray),2018年3月17日
百万英镑 (经典译林),马克•吐温,2018年3月17日
三个火枪手 (译文名著精选),大仲马(Alexandre Dumas),2018年3月17日
莎士比亚全集（1-8卷）,莎士比亚,2018年3月17日
阅读是一座随身携带的避难所:毛姆读书随笔(村上春树/马尔克斯/白岩松/杨澜/张爱玲推荐),毛姆,2018年3月17日
关于区块链，你不得不知的真相（《哈佛商业评论》增刊）,哈佛商业评论,2018年3月17日
晚年,太宰治,2018年3月17日
太宰治作品精选集（套装共3册）,太宰治(Daizai Osamu),2018年3月17日
御伽草纸,太宰治,2018年3月17日
霸王别姬,李碧华,2018年3月9日
帕慕克别样的色彩系列,奥尔罕·帕慕克(Pamuk O.),2018年1月17日
帕慕克别样的色彩系列：伊斯坦布尔，一座城市的记忆,(土耳其)奥尔罕·帕慕克(Pamuk O.),2018年1月17日
单读（01-10）,许知远,2018年1月17日
Ulysses (Xist Classics) (English Edition),James Joyce,2018年1月5日
剑桥艺术史（艺术入门必读，人人都能看的艺术普及读物）（套装全8册）,苏珊·伍德福德,2017年12月11日
艺术的故事：从史前到后印象派的西方艺术,姚宏翔,2017年12月10日
创造者,沃尔特·艾萨克森,2017年11月26日
人鼠之间（桂冠译丛）（美国中学生十部必读经典作品之一、诺奖得主约翰·斯坦贝克名作）,约翰·斯坦贝克,2017年11月18日
咖啡 咖啡 (乐享生活系列),齐鸣,2017年11月18日
茶掌柜带你入门：年轻人的第一杯茶（知乎 谢伟文 作品） (知乎「一小时」系列),谢伟文,2017年11月18日
一个人到两个人：银河系亲密关系实用指南（知乎 KnowYourself 作品） (知乎「一小时」系列),KnowYourself,2017年11月18日
罗辑思维：迷茫时代的明白人,罗振宇,2017年11月18日
披着羊皮的狼：如何与控制型人格相处,乔治·K.西蒙,2017年11月18日
如何不喜欢一个人（美国亚马逊心理学图书霸榜前三名，畅销欧美33个国家的心灵力作！连续55周席卷各大读书榜单，震撼来袭！）,杰克森·麦肯锡,2017年11月18日
世界美术名作二十讲（傅雷经典传世之作，打开艺术鉴赏之门） (傅雷选集-N 世界美术名作二十讲),傅雷,2017年11月18日
先知中国,余世存,2017年11月18日
登天的感觉：我在哈佛大学做心理咨询,岳晓东,2017年11月18日
绝非普通人·扁平人阿尔多(获得2013年法国杜埃童书展巨人加扬奖。) (绝非普通人系列),弗雷德里克·李维,2017年11月18日
如何才能不焦虑（献给一有风吹草动就好不淡定的你）,克里斯多夫‧柯特曼,2017年11月18日
心理暗示力(一本关于治愈、力量、教育与成功的心理学实践书)（只要一暗示，便可心想事成！全球再版1000次！千万读者口碑相传！好的医生是自己，强的力量在内心）,埃米尔•库埃 (Emile Coue),2017年11月18日
取悦症：不懂拒绝的老好人,（美）布莱克（H. B. Braiker） 著,2017年11月18日
记忆力心理学,赫尔曼·艾宾浩斯,2017年11月18日
男人来自火星，女人来自金星,格雷(Gray.J.),2017年11月18日
中日之间：误解与错位 (甲骨文丛书),李长声/主编 贾葭/执行主编,2017年11月18日
恶之花 (博集文学典藏系列),Charles Baudelaire,2017年11月18日
一个悲观主义者的积极思考 (“我读”),叔本华,2017年11月18日
自由在高处,熊培云,2017年11月18日
冷月孤灯·静远楼读史,唐浩明,2017年11月18日
不情愿的大师：德国与新欧洲,斯蒂芬·葛霖,2017年11月18日
老兵不死:麦克阿瑟回忆录,麦克阿瑟,2017年11月18日
西方的没落 (译林人文精选),(德) 斯宾格勒 著/张兰平 译,2017年11月18日
蜘蛛男 (午夜文库),江户川乱步,2017年11月18日
乌合之众 (N 乌合之众),古斯塔夫•勒庞,2017年11月18日
艺术哲学,丹纳,2017年11月18日
李银河自选集:性、爱情、婚姻及其他,李银河,2017年11月18日
演员自我修养,斯坦尼斯拉夫斯基,2017年11月18日
费马大定理：一个困惑了世间智者358年的谜 (小阅读),西蒙•辛格,2017年11月18日
5分钟掌控听众:当众讲话的诀窍,易书波,2017年11月18日
看电影学心理学 (千种豆瓣高分原创作品·学知识),郑世彦,2017年11月18日
连接感：如何应对亲密关系中的焦虑,卡洛琳·戴奇,2017年11月18日
定位中国:认清我们的时代和时代中的我们,童大焕,2017年11月18日
心的重建：生命中的失去，就是重整命运的机会（张德芬强烈推荐！）,(美)露易丝•海 (美)大卫•凯思乐,2017年11月18日
制怒：如何掌控自己和他人的情绪（用情绪智慧激活你人生潜在的百分之90潜能）,琳达·科汗,2017年11月18日
共情力（哈佛大学前讲师首创共情认知行为疗法，助你解决压力引起的焦虑和恐惧）,亚瑟•乔拉米卡利,2017年11月18日
我们如何正确思维（芝加哥大学的精品思维课）,约翰·杜威,2017年11月18日
金一南讲：世界大格局，中国有态度,金一南,2017年11月18日
紫禁城的黄昏,庄士敦,2017年11月18日
传统十论,秦晖,2017年11月18日
告别百年激进：中国的现代化问题,温铁军,2017年11月18日
中苏关系史纲:1917-1991年中苏关系若干问题再探讨(增订版),沈志华,2017年11月18日
相忘于江湖（每一条道路都引领流浪者回家！《最后一个匈奴》作者高建群倾心精选散文集，四十年创作生涯首次完整呈现。深情追忆路遥、张贤亮、陈忠实等老友；诚恳袒露从农家子弟到文学大家的六十年心路历程。“我，绝不允许自己平庸”，写给所有不安于现状、渴望精彩生活的你。）,高建群,2017年11月18日
南十字星共和国：俄国象征派小说选（鲁迅、纳博科夫、叶赛宁、高尔基推崇的作家） (双头鹰经典),费·索洛古勃,2017年11月18日
庞贝三日,阿尔贝托·安杰拉,2017年11月18日
犹太文明 (世界文明大系),潘光,2017年11月18日
欧也妮·葛朗台 (傅雷全集),[法]巴尔扎克,2017年11月18日
中国文化常识（一本了解中国文化的微型百科）,干春松,2017年11月18日
走进大文豪的家（《唐顿庄园》编剧推荐，探访莎士比亚、简奥斯汀、柯南道尔的跨时空古宅）,尼克·钱纳,2017年11月18日
闲暇处才是生活,梁实秋,2017年11月18日
普希金诗集,[俄罗斯]普希金,2017年11月18日
